<?xml version="1.0" encoding="UTF-8" ?>
<!DOCTYPE struts PUBLIC "-//Apache Software Foundation//DTD Struts Configuration 2.1//EN" "http://struts.apache.org/dtds/struts-2.1.dtd">
<struts>
<package name="" extends="struts-default">
	<!--登陆功能  -->
	<action name="loginAction" class="action.LoginAction" method="login">
		<result name="admin">index.jsp</result>
		<result name="teacher">index.jsp</result>
		<result name="student">index.jsp</result>
		<result name="login">login.jsp</result>
	</action>
	<!--教师功能 -->
	<action name="showTeacher" class="action.TeacherAction" method="allTeacher">
		<result name="showTeacher">jsp/TeacherList.jsp</result>
	</action>
	<!--题库功能 -->
	<action name="showAllSubAction" class="action.TiAction" method="show_subject">
		<result name="show_subject">jsp/SubjectList.jsp</result>
	</action>
	<!--下面是试卷功能 -->
	<action name="showPaperAction" class="action.TiAction" method="show_P_paper">
		<result name="show_P_paper">jsp/P_paper.jsp</result>
	</action>
</package>
</struts>    
