<?xml version="1.0" encoding="UTF-8"?>
<!DOCTYPE hibernate-mapping PUBLIC
        "-//Hibernate/Hibernate Mapping DTD 3.0//EN"
        "http://hibernate.sourceforge.net/hibernate-mapping-3.0.dtd">
	<hibernate-mapping>
		<class name="vo.MingXi" table="MingXi">
			<id name="id" column="id">
				<generator class="native"></generator>
			</id>
			<property name="uAnsWer" column="uAnsWer"></property>
			<many-to-one name="students"></many-to-one>
			
				<set name="testQusertionList" table="MingXi_testQusertionList" >
				<key column="mingXiId"></key>
				<many-to-many class="vo.TestQusertion" column="testQusertionId"></many-to-many>
			</set>	
			
		</class>
	</hibernate-mapping>