<?xml version="1.0" encoding="UTF-8"?>
<!DOCTYPE hibernate-mapping PUBLIC
        "-//Hibernate/Hibernate Mapping DTD 3.0//EN"
        "http://hibernate.sourceforge.net/hibernate-mapping-3.0.dtd">
        
        <hibernate-mapping package="domain">
        	<class name="Subject" table="subject">
        		<id name="id" column="id">
        			<generator class="native"></generator>
        		</id>
        		<property name="direction" column="direction"></property>
        		<property name="stage" column="stage"></property>
        		<property name="subjectId" column="subjectId"></property>
        		
        		
        		
        	</class>
        </hibernate-mapping>