<?xml version="1.0" encoding="UTF-8"?>
<!DOCTYPE hibernate-mapping PUBLIC
        "-//Hibernate/Hibernate Mapping DTD 3.0//EN"
        "http://hibernate.sourceforge.net/hibernate-mapping-3.0.dtd">

		 <hibernate-mapping package="vo">
        	<class name="Class" table="class">
        		<id name="id" column="id">
        			<generator class="native"></generator>
        		</id>
        		<property name="classNo" column="classNo"></property>
        		<property name="className" column="className" ></property>
        		<property name="direction" column="direction"></property>
        		<property name="headteacher" column="headteacher" ></property>
        		<property name="lecturer" column="lecturer"></property>
        		<property name="date" column="date" ></property>
        		<property name="state" column="state"></property>
        		<!-- 班级和成绩一堆多-->
        		 <set name="scoreSet" >
                     <key column="classe_id">
	              </key>  
	              <one-to-many class="Score" />         
             </set>
           
		        <!-- 试卷 -->
		        <set name="paperset" table="paper_class">
        			<key column="cid">	</key>
        			<many-to-many column="pid" class="Paper"></many-to-many>
        		</set>
        		
        		
        		 <set name="studentSet"   inverse="true">
              <key column="classe_id">
              <!-- "多"的一方关联"一"的一方的外键 -->
              </key>  
              <one-to-many class="vo.Student" />         
             </set>
		    </class>
	     
	</hibernate-mapping>