<?xml version="1.0" encoding="UTF-8"?>
<!DOCTYPE hibernate-mapping PUBLIC
        "-//Hibernate/Hibernate Mapping DTD 3.0//EN"
        "http://hibernate.sourceforge.net/hibernate-mapping-3.0.dtd">

	<hibernate-mapping package="vo">
		<class name="Paper" table="paper">
			<id name="pid" column="pid">
				<generator class="native"></generator>
			</id>
			<property name="subjectName" column="subjectName"></property>
			<property name="kind" column="kind"></property>
			<property name="title" column="title"></property>
			<property name="className" column="className"></property>
			<property name="testTime" column="testTime"></property>
			<property name="testHour" column="testHour"></property>
			<property name="totalScore" column="totalScore"></property>
			<property name="qnumber" column="qnumber"></property>
			<property name="state" column="state"></property>
			
			<!-- 和试卷-->
			 <set name="scoreSet" fetch="join" cascade="save-update,delete" inverse="true">
              <key column="paper_id">
              <!-- "多"的一方关联"一"的一方的外键 -->
              </key>  
              <one-to-many class="Score" />         
           </set>
			
			
			<!-- 和学生 -->
			<set name="studentSet" table="paper_student">
        			<key column="pid">	</key>
        			<many-to-many column="sid" class="vo.Student"></many-to-many>
        		</set>
        		<!-- 和问题 -->
		     <set name="questionSet" table="paper_question">
		        <key column="pid"></key>
		        <many-to-many class="vo.Question" column="qid"></many-to-many>
		     
		     </set>
		</class>
	     
	</hibernate-mapping>