<?xml version="1.0" encoding="UTF-8"?>
<!DOCTYPE hibernate-mapping PUBLIC
        "-//Hibernate/Hibernate Mapping DTD 3.0//EN"
        "http://hibernate.sourceforge.net/hibernate-mapping-3.0.dtd">

	<hibernate-mapping package="vo">
		<class name="Question" table="question">
			<id name="qid" column="qid">
				<generator class="native"></generator>
			</id>
			<property name="type" column="type"></property>
			<property name="content" column="content"></property>
			<property name="optionA" column="optionA"></property>
			<property name="optionB" column="optionB"></property>
			<property name="optionC" column="optionC"></property>
			<property name="optionD" column="optionD"></property>
			<property name="answer" column="answer"></property>
			<property name="difficulty" column="difficulty"></property>
			<property name="subjectId" column="subjectId"></property>
			<property name="chapter" column="chapter"></property>
			<property name="kind" column="kind"></property>
			
			<set name="paperSet" table="paper_question">
		        <key column="qid"></key>
		        <many-to-many class="vo.Paper" column="pid"></many-to-many>
		     
		     </set>
		     <set name="scoredetailsSet" table="scoredetails">
        			<key column="questionId"></key>
        			<one-to-many class="vo.Scoredetails" />
        		</set>
		</class>
	
	</hibernate-mapping>