<?xml version="1.0" encoding="UTF-8"?>
<!DOCTYPE hibernate-mapping PUBLIC
        "-//Hibernate/Hibernate Mapping DTD 3.0//EN"
        "http://hibernate.sourceforge.net/hibernate-mapping-3.0.dtd">

		 <hibernate-mapping package="vo">
        	<class name="Score" table="score">
        		<id name="id" column="id">
        			<generator class="native"></generator>
        		</id>
        		<property name="beginTime" column="beginTime"></property>
        		<property name="endTime" column="endTime" ></property>
        		<property name="score" column="score"></property>
        		
        		<!-- 成绩明细-->
        		<set name="scoredetails" table="scoredetails" inverse="true" cascade="save-update,delete">
        			<key column="scoreId"></key>
        			<one-to-many class="Scoredetails" />
        		</set>
        		
		        <!--  <many-to-one name="scoredetails" class="vo.Scoredetails" column="scoredetailsId"></many-to-one>
        		--> 
        		<!-- 试卷-->
		         <many-to-one name="paper" class="vo.Paper" column="paperId"></many-to-one>
		         <!-- 科目 -->
		         <many-to-one name="subject" class="vo.Subject" column="subjectId"></many-to-one>
        		<!-- 学生 -->
		         <many-to-one name="student" class="vo.Student" column="studentId"></many-to-one>
        		<!-- 班级 -->
		         <many-to-one name="classe" class="vo.Class" column="classeId"></many-to-one>
		    </class>
	     
	</hibernate-mapping>