<?xml version="1.0" encoding="UTF-8"?>
<!DOCTYPE hibernate-mapping PUBLIC
        "-//Hibernate/Hibernate Mapping DTD 3.0//EN"
        "http://hibernate.sourceforge.net/hibernate-mapping-3.0.dtd">

	<hibernate-mapping package="vo">
		<class name="Subject" table="subject">
			<id name="id" column="id">
				<generator class="native"></generator>
			</id>
			<property name="direction" column="direction"></property>
			<property name="stage" column="stage"></property>
			<property name="subjectId" column="subjectId"></property>
			<!-- 和科目 -->
			 <set name="scoreSet" fetch="join" cascade="save-update,delete" inverse="true">
              <key column="subject_id">
              <!-- "多"的一方关联"一"的一方的外键 -->
              </key>  
              <one-to-many class="Score" />         
           </set>
		</class>
	     
	</hibernate-mapping>