<?xml version="1.0" encoding="UTF-8"?>
<!DOCTYPE hibernate-mapping PUBLIC
        "-//Hibernate/Hibernate Mapping DTD 3.0//EN"
        "http://hibernate.sourceforge.net/hibernate-mapping-3.0.dtd">
<hibernate-mapping><!-- mapping 映射 -->
	<class name="vo.SubjectType" table="SubjectType"><!--前为实体类路径，后为表名 -->
		<id name="id" column="id"><!--主键：实体类属性、数据库列名-->
			<generator class="native"></generator>
		</id>
		
		<property name="subjectName" column="subjectName"></property>
		
		<bag name="questionList" fetch="join" cascade="save-update,delete" >
			<key column="subjectType_id" ></key>
			<one-to-many class="vo.Question"/>
		</bag>
	</class>

</hibernate-mapping>