<?xml version="1.0" encoding="utf-8"?>
<!DOCTYPE hibernate-mapping PUBLIC "-//Hibernate/Hibernate Mapping DTD 3.0//EN"
"http://hibernate.sourceforge.net/hibernate-mapping-3.0.dtd">
<!-- 
    Mapping file autogenerated by MyEclipse Persistence Tools
-->
<hibernate-mapping package="vo">
    <class name="Admin" table="admin" >
        <id name="id">
            <column name="id" />
            <generator class="native"></generator>
        </id>
        <property name="aname">
            <column name="aname" />
        </property>
        <property name="apwd">
            <column name="apwd" />
        </property>
    </class>
</hibernate-mapping>
