<?xml version="1.0" encoding="utf-8"?>
<!DOCTYPE hibernate-mapping PUBLIC "-//Hibernate/Hibernate Mapping DTD 3.0//EN"
"http://hibernate.sourceforge.net/hibernate-mapping-3.0.dtd">
<!-- 
    Mapping file autogenerated by MyEclipse Persistence Tools
-->
<hibernate-mapping package="vo">
    <class name="Paper" table="paper">
        <id name="pid">
            <column name="pid" />
            <generator class="native"></generator>
        </id>
        <property name="subjectName" >
            <column name="subjectName" length="20" />
        </property>
        <property name="kind" >
            <column name="kind" length="20" />
        </property>
        <property name="title">
            <column name="title" length="100" />
        </property>
        <property name="className" >
            <column name="className" length="20" />
        </property>
        <property name="testTime">
            <column name="testTime" length="23" />
        </property>
        <property name="testHour" >
            <column name="testHour" />
        </property>
        <property name="totalScore" >
            <column name="totalScore" precision="6" />
        </property>
        <property name="qnumber" >
            <column name="qnumber" />
        </property>
        <property name="state" >
            <column name="state" length="20" />
        </property>
    </class>
</hibernate-mapping>
