<?xml version="1.0" encoding="UTF-8" ?>
<!DOCTYPE struts PUBLIC "-//Apache Software Foundation//DTD Struts Configuration 2.1//EN" "http://struts.apache.org/dtds/struts-2.1.dtd">
<struts>
	<package name="" extends="struts-default">
		<action name="loginAction" class="action.LoginAction" method="Login">
			<result name="login">index.jsp</result>		
			<result name="erro">login.jsp</result>
		</action>
		<action name="selectTAction" class="action.TeacherAction" method="selectTeacher">
			<result name="tlist">list.jsp</result>
		</action>
		<action name="deleteTAction" class="action.TeacherAction" method="deleteTeacher">
			<result name="deleteT" type="redirect">list.jsp</result>
		</action>
		<action name="subjectAction" class="action.SubjectAction" method="selectTiKu">
			<result name="selectTi">subjectList.jsp</result>
		</action>
		<action name="subAction" class="action.SubjectAction" method="selectQuestion">
			<result name="selectquestion">questionAdd.jsp</result>
		</action>
		<action name="subjAction" class="action.SubjectAction" method="questionAdd">
			<result name="add" type="redirect">subjectAction!selectTiKu.action</result>
		</action>
		<action name="paperAction" class="action.SubjectAction" method="selectPaper">
			<result name="pap">paper.jsp</result>
		</action>
		<action name="selectTest" class="action.SubjectAction" method="selectTest">
			<result name="selTest">selectTest.jsp</result>
		</action>
		<action name="selectStuAction" class="action.StudentAction" method="selectStu">
			<result name="selectstu">mainStu.jsp</result>
		</action>
		<action name="updateStuAction" class="action.StudentAction" method="updateStu">
			<result name="err" type="redirect">updateStu.jsp?stuId=${stuId}</result>
			<result name="ok" type="redirect">selectStuAction!selectStu.action?stuId=${stuId}</result>
		</action>
		<action name="beginAction" class="action.StudentAction" method="beginTest">
			<result name="begintest">beginTest.jsp</result>
		</action>
		
		
		
		
	</package>

</struts>    
