<?xml version="1.0" encoding="utf-8"?>
<!DOCTYPE hibernate-mapping PUBLIC "-//Hibernate/Hibernate Mapping DTD 3.0//EN"
"http://hibernate.sourceforge.net/hibernate-mapping-3.0.dtd">
<!-- 
    Mapping file autogenerated by MyEclipse Persistence Tools
-->
<hibernate-mapping>
    <class name="vo.Question" table="question" schema="dbo" catalog="exam">
        <id name="qid" type="java.lang.Integer">
            <column name="qid" />
            <generator class="native"></generator>
        </id>
        <many-to-one name="subject" class="vo.Subject" fetch="select">
            <column name="subjectid" />
        </many-to-one>
        <property name="kind" type="java.lang.String">
            <column name="kind" length="20" />
        </property>
        <property name="content" type="java.lang.String">
            <column name="content" length="100" />
        </property>
        <property name="optionA" type="java.lang.String">
            <column name="optionA" length="100" />
        </property>
        <property name="optionB" type="java.lang.String">
            <column name="optionB" length="100" />
        </property>
        <property name="optionC" type="java.lang.String">
            <column name="optionC" length="100" />
        </property>
        <property name="optionD" type="java.lang.String">
            <column name="optionD" length="100" />
        </property>
        <property name="answer" type="java.lang.String">
            <column name="answer" length="10" />
        </property>
        <property name="difficulty" type="java.lang.String">
            <column name="difficulty" length="20" />
        </property>
        <property name="chapter" type="java.lang.String">
            <column name="chapter" length="20" />
        </property>
        <property name="fangfa" type="java.lang.String">
            <column name="fangfa" length="20" />
        </property>
        <set name="paper" table="paper_question" >
            <key>
                <column name="qid" />
            </key>
            <many-to-many class="vo.Paper" column="pid" />
        </set>
    </class>
</hibernate-mapping>
