<?xml version="1.0" encoding="utf-8"?>
<!DOCTYPE hibernate-mapping PUBLIC "-//Hibernate/Hibernate Mapping DTD 3.0//EN"
"http://www.hibernate.org/dtd/hibernate-mapping-3.0.dtd">
<!-- 
    Mapping file autogenerated by MyEclipse Persistence Tools
-->
<hibernate-mapping>
    <class name="vo.Subject" table="subject" schema="dbo" catalog="exam">
        <id name="id" type="java.lang.Integer">
            <column name="id" />
            <generator class="native"></generator>
        </id>
        <property name="direction" type="java.lang.String">
            <column name="direction" length="20" />
        </property>
        <property name="stage" type="java.lang.String">
            <column name="stage" length="20" />
        </property>
        <property name="subjectname" type="java.lang.String">
            <column name="subjectname" length="20" />
        </property>
        
        <set name="question" cascade="all">
        <key column="subjectid" ></key>
        <one-to-many class="vo.Question"/>
        </set>
    </class>
</hibernate-mapping>
