<?xml version='1.0' encoding='UTF-8'?>
<!DOCTYPE hibernate-configuration PUBLIC
          "-//Hibernate/Hibernate Configuration DTD 3.0//EN"
          "http://hibernate.sourceforge.net/hibernate-configuration-3.0.dtd">

<!-- Generated by MyEclipse Hibernate Tools.                   -->
<hibernate-configuration>

<session-factory>
	<property name="dialect">
		org.hibernate.dialect.SQLServerDialect
	</property>
	<property name="connection.url">
		jdbc:sqlserver://localhost:1433;databaseName=test
	</property>
	<property name="connection.username">sa</property>
	<property name="connection.password">123</property>
	<property name="connection.driver_class">
		com.microsoft.sqlserver.jdbc.SQLServerDriver
	</property>
	<property name="myeclipse.connection.profile">sql</property>
	<property name="show_sql">true</property>
	<property name="format_sql">true</property>
	<property name="hbm2ddl.auto">update</property>
	<mapping resource="vo/Classes.hbm.xml" />
	<mapping resource="vo/FangXiang.hbm.xml" />
	<mapping resource="vo/Qusetiones.hbm.xml" />
	<mapping resource="vo/Students.hbm.xml" />
	<mapping resource="vo/teacheres.hbm.xml" />
	<mapping resource="vo/testQusertion.hbm.xml" />
	<mapping resource="vo/ThePapers.hbm.xml" />
	<mapping resource="vo/Achievement.hbm.xml" />
	<mapping resource="vo/MingXi.hbm.xml" />

</session-factory>

</hibernate-configuration>