<?xml version="1.0" encoding="UTF-8"?>
<!DOCTYPE hibernate-mapping PUBLIC
        "-//Hibernate/Hibernate Mapping DTD 3.0//EN"
        "http://hibernate.sourceforge.net/hibernate-mapping-3.0.dtd">
	<hibernate-mapping>
		<class name="vo.Teacheres" table="t_Teacheres">
			<id name="id" column="id">
				<generator class="native"></generator>
			</id>
			<property name="zhanghao" column="zhanghao"></property>
			<property name="mima" column="mima"></property>
			<property name="teacheName" column="teacheName"></property>
			<property name="position" column="position"></property>
			<property name="birthDay" column="birthDay"></property>
			<property name="educaTion" column="educaTion"></property>
			<list name="classList" inverse="true" >
				<key column="teacheres_id"></key>
				<list-index column="sclassIdx" />
				<one-to-many class="vo.Classes"/>
			</list>			
			<list name="studentslsit" inverse="true" >
				<key column="teacheres_id"></key>
				<list-index column="teacheresIdx" />
				<one-to-many class="vo.Students"/>
			</list>
		</class>
	</hibernate-mapping>