<?xml version="1.0" encoding="UTF-8"?>
<!DOCTYPE hibernate-mapping PUBLIC
        "-//Hibernate/Hibernate Mapping DTD 3.0//EN"
        "http://hibernate.sourceforge.net/hibernate-mapping-3.0.dtd">
	<hibernate-mapping>
		<class name="vo.ThePapers" table="t_ThePapers">
			<id name="id" column="id">
				<generator class="native"></generator>
			</id>
			<property name="paperType" column="paperType"></property>
			<property name="keMu" column="keMu"></property>
			<property name="tiTtle" column="tiTtle"></property>
			<property name="longExam" column="longExam"></property>
			<property name="dateTime" column="dateTime"></property>
			<property name="totalScore" column="totalScore"></property>
			<property name="totaZongT" column="totaZongT"></property>
			<property name="ccorePer" column="ccorePer"></property>
			<property name="examinState" column="examinState"></property>
			<set  name="thePaperQusertion" table="ThePaper_Qusertion" >
			<key column="thePapers_id" ></key>
				<many-to-many class="vo.TestQusertion" column="testQusertion_id"></many-to-many>
			</set>
			<set  name="classesList" table="Classes_ThePapers" >
			<key column="thePapers_id" ></key>
				<many-to-many class="vo.Classes" column="Classes_id"></many-to-many>
			</set>
		
			 
		</class>
	</hibernate-mapping>