<?xml version="1.0" encoding="UTF-8"?>
<!DOCTYPE hibernate-mapping PUBLIC
        "-//Hibernate/Hibernate Mapping DTD 3.0//EN"
        "http://hibernate.sourceforge.net/hibernate-mapping-3.0.dtd">
        <hibernate-mapping>
               	<class name="beans.Classes"  table="classes">
				<id name="cid" column="cid">
					<generator class="native"></generator>
				</id>
				<property name="classNo" column="classNo"></property>
				<property name="direction" column="direction"></property>
				<property name="headteacher" column="headteacher"></property>
				<property name="clssName" column="clssName"></property>
				<property name="date" column="date"></property>
				<property name="lecturer" column="lecturer"></property>
				<set name="papers" table="t_classes_paper">
					<key column="classes_id"></key>
					<many-to-many column="paper_id" class="beans.paper"></many-to-many>
				</set>
				<set name="students" table="t_classes_student">
					<key column="classId"></key>
					<one-to-many class="beans.Student"/>
				</set>
			</class>
        
        </hibernate-mapping>