<?xml version="1.0" encoding="UTF-8"?>
<!DOCTYPE hibernate-mapping PUBLIC
        "-//Hibernate/Hibernate Mapping DTD 3.0//EN"
        "http://hibernate.sourceforge.net/hibernate-mapping-3.0.dtd">
        
        <hibernate-mapping>
        	<class name="vo.Classes" table="class">
        		<id name="id" column="id">
        			<generator class="native"></generator>
        		</id>
        		<property name="classNo" column="classNo" ></property>
        		<property name="className" column="className" ></property>
        		<property name="direction" column="direction" ></property>
        		<property name="headteacher" column="headteacher" ></property>
        		<property name="lecturer" column="lecturer" ></property>
        		<property name="date" column="date" ></property>
        		<property name="state" column="state" ></property>
        		<set name="students" table="student" inverse="true" cascade="save-update,delete" fetch="join">
        			<key column="classes_id" ></key>
        			<one-to-many class="vo.Student"/>
        		</set>
        	</class>
        </hibernate-mapping>
