<?xml version="1.0" encoding="UTF-8"?>
<!DOCTYPE hibernate-mapping PUBLIC
        "-//Hibernate/Hibernate Mapping DTD 3.0//EN"
        "http://hibernate.sourceforge.net/hibernate-mapping-3.0.dtd">
        
        <hibernate-mapping>
        	<class name="vo.Paper" table="paper">
        		<id name="pid" column="pid">
        			<generator class="native"></generator>
        		</id>
        		<property name="subjectName" column="subjectName" ></property>
        		<property name="kind" column="kind" ></property>
        		<property name="title" column="title" ></property>
        		<property name="className" column="className" ></property>
        		<property name="testTime" column="testTime" ></property>
        		<property name="testHour" column="testHour" ></property>
        		<property name="totalScore" column="totalScore" ></property>
        		<property name="qnumber" column="qnumber" ></property>
        		<property name="state" column="state" ></property>
        		
        		<set name="questionSet" table="paper_question">
        			<key column="pid" ></key>
        			<many-to-many class="vo.Question" column="qid"></many-to-many>
        		</set>
        		<set name="subjectSet" table="sub_paper">
        			<key column="paper_id" ></key>
        			<many-to-many class="vo.Subject" column="subject_id"></many-to-many>
        		</set>
        		
        		<set name="studentSet" table="student_paper">
        			<key column="paper_id" ></key>
        			<many-to-many class="vo.Student" column="student_id"></many-to-many>
        		</set>
        	</class>
        </hibernate-mapping>
