<?xml version="1.0" encoding="UTF-8" ?>
<!DOCTYPE struts PUBLIC "-//Apache Software Foundation//DTD Struts Configuration 2.1//EN" "http://struts.apache.org/dtds/struts-2.1.dtd">
<struts>
	
	<package name="" extends="struts-default">
	
		<!-- 登录 -->
		<action name="TestAction" class="dao.TestAction" method="Login">
			<result name="success">index.jsp</result>
			<result name="index1">index1.jsp</result>
			<result name="index2">index2.jsp</result>
			<result name="worry">login.jsp</result>
		</action>
		
	</package>
	
	<!-- 讲师模块的action -->
	<package name="teacher" namespace="/teacher" extends="struts-default">
		<action name="TestActionTS" class="dao.TestAction"
			method="teacherSelect">

			<result name="success">
				list.jsp
			</result>

		</action>

	</package>
	
	<!-- 试题模块的action -->
	<package name="question" namespace="/question" extends="struts-default">
		<!-- 试题分类 -->
		<action name="questionList" class="dao.TestAction"
			method="QuestionSelect">
			<result name="success">
				FenLeiList.jsp
			</result>
		</action>
		<!-- 试题分类的详细查询 -->
		<action name="TestActionQuestion" class="dao.TestAction"
			method="QuestionSelect1">
			<result name="success">
				questionList.jsp
			</result>
		</action>
		<!-- 试题的添加 -->
		<action name="AddQuestion" class="dao.TestAction"
			method="addQuestion">
			<result name="success" type="redirectAction">
				<param name="actionName">TestActionQuestion!QuestionSelect1 </param>
				<param name="subjectId">${question.subjectId}</param>
				<param name="kindType">${question.kindType}</param>
			</result>
		</action>
		<!-- 试题的删除 -->
		<action name="testDelete" class="dao.TestAction"
			method="deleteQuestion">
			<result name="success" type="redirectAction">
				<param name="actionName">TestActionQuestion!QuestionSelect1 </param>
				<param name="subjectId">${subjectId}</param>
				<param name="kindType">${kindType}</param>
			</result>
		</action>
		<!-- 试题的修改 -->
		<action name="testUpdate" class="dao.TestAction"
			method="updateQuestion">
			<result name="success" type="redirectAction">
				<param name="actionName">TestActionQuestion!QuestionSelect1 </param>
				<param name="subjectId">${question.subjectId}</param>
				<param name="kindType">${question.kindType}</param>
			</result>
		</action>
		
		<action name="questionJX" class="dao.TestAction"
			method="JQZFC">
			<result name="success" >
				updateQuestion.jsp
			</result>
		</action>
	</package>
	<!-- 试卷模块 -->
	<package name="paper" namespace="/paper" extends="struts-default">
	
		<!-- 试卷列表 -->
		<action name="PaperActionList" class="dao.PaperAction" method="paperList">
			<result name="success">paperList.jsp</result>
			
		</action>
		<!-- 跳转到添加页面 -->
		<action name="addPaperAction" class="dao.PaperAction" method="addPaper">
			<result name="success">addPaper.jsp</result>
			
		</action>
		<!-- 跳转到添加页面 -->
		<action name="addPaperAction1" class="dao.PaperAction" method="SJPaper">
			<result name="success" type="redirectAction">PaperActionList.action</result>
			
		</action>
		<!-- 查看试卷 -->
		<action name="selectPaperAction" class="dao.PaperAction" method="selectPaper">
			<result name="success">selectPaper.jsp</result>
			
		</action>
	</package>
</struts>    
