<?xml version="1.0" encoding="UTF-8"?>
<!DOCTYPE hibernate-mapping PUBLIC
        "-//Hibernate/Hibernate Mapping DTD 3.0//EN"
        "http://hibernate.sourceforge.net/hibernate-mapping-3.0.dtd">

	<hibernate-mapping package="vo">
		<class name="Student" table="student">
			<id name="id" column="id">
				<generator class="native"></generator>
			</id>
			<property name="stuName" column="stuName"></property>
			<property name="stuPwd" column="stuPwd"></property>
			<property name="classId" column="classId"></property>
			<property name="stuNo" column="stuNo"></property>
			<property name="stuSex" column="stuSex"></property>
			<property name="stuTelphone" column="stuTelphone"></property>
			<property name="parentPhone" column="parentPhone"></property>
			<property name="stuSchoolyear" column="stuSchoolyear"></property>
			<property name="stuId" column="stuId"></property>
			<property name="stubrithday" column="stubrithday"></property>
			<property name="stuProvide" column="stuProvide"></property>
			<property name="stuMajor" column="stuMajor"></property>
			<property name="stuParent" column="stuParent"></property>
			<property name="stuDrom" column="stuDrom"></property>
			<property name="stuDromNo" column="stuDromNo"></property>
			<property name="basicSituation" column="basicSituation"></property>
			<property name="educational" column="educational"></property>
			<property name="guardian" column="guardian"></property>
			<property name="address" column="address"></property>
			<property name="city" column="city"></property>
			<property name="studyDirection" column="studyDirection"></property>
			<property name="image" column="image"></property>
			<property name="political" column="political"></property>
			<!-- 和 卷子 -->
			<set name="paperSet" table="paper_student">
        			<key column="sid">	</key>
        			<many-to-many column="pid" class="vo.Paper"></many-to-many>
        		</set>
        		<!-- 学生与班级一对多 学生多 -->
        	<many-to-one name="classe" class="vo.Class" column="classe_id"></many-to-one>
		</class>
	
	</hibernate-mapping>