<?xml version="1.0" encoding="UTF-8" ?>
<!DOCTYPE struts PUBLIC "-//Apache Software Foundation//DTD Struts Configuration 2.1//EN" "http://struts.apache.org/dtds/struts-2.1.dtd">
<struts>
<!--
登陆
-->
	<package name="action" extends="struts-default">
		<action name="IndexAction" class="action.IndexAction">
			<result name="index">index.jsp</result>
			<result name="login">login.jsp</result>
		</action>
		
	</package>
	<!--教师列表-->
	<package name="teacher" namespace="/teacher" extends="struts-default">
		<action name="TeacherList" class="action.TeacherAction"
			method="list">

			<result name="list">
				list.jsp
			</result>

		</action>

	</package>
	<!--学生列表-->
	<package name="students" namespace="/students" extends="struts-default">
		<action name="StudentsList" class="action.StudentsAction"
			method="list">

			<result name="list">
				list.jsp
			</result>

		</action>

	</package>
		<!--班级列表-->
	<package name="classes" namespace="/classes" extends="struts-default">
		<action name="ClassesList" class="action.ClassAction"
			method="list">

			<result name="list">
				list.jsp
			</result>

		</action>

	</package>
	<!--题库-->
	<package name="item" namespace="/itempool" extends="struts-default">
		<action name="ItemPoolAction" class="action.ItemPoolAction" method="first">
			<result name="ItemPool">itemPool.jsp</result>
		</action>
		<action name="TestList" class="action.ItemPoolAction" method="list">
			<result type="redirect"></result>
			<result name="testlist">testlist.jsp</result>
		</action>
		<action name="TestUpdate" class="action.ItemPoolAction" method="update">
			<result name="testupdate">testupdate.jsp</result>
		</action>
		<action name="TestUpdates" class="action.ItemPoolAction" method="updateSelect">
			<result name="ItemPool">ItemPool.jsp</result>
		</action>
		<action name="Testadd" class="action.ItemPoolAction" method="add">
			<result name="testadd">testadd.jsp</result>
		</action>
		
		
		
	</package>
	<!--  试卷列表 -->
	<package name="paper" namespace="/paper" extends="struts-default">
		<action name="PaperAction" class="action.PaperAction" method="topaper">
			<result name="topaper">
				paper.jsp
			</result>

		</action>
		<action name="GroupPaper" class="action.PaperAction" method="Gogrouppaper">

			<result name="gopaper">
				grouppaper.jsp
			</result>

		</action>
		<action name="Paper" class="action.PaperAction" method="grouppaper">

			<result name="paper">
				paper.jsp
			</result>

		</action>
		<action name="updateState" class="action.PaperAction" method="updateState">
			<result name="paper">paper.jsp</result>
		</action>
		<action name="starttest" class="action.PaperAction" method="start">
			<result name="setclass">setclass.jsp</result>
		</action>
		<action name="toTest" class="action.PaperAction" method="toTest">
			<result name="test">paper.jsp</result>
		</action>
	</package>
	<!--  学生考试-->
		<package name="test" namespace="/test" extends="struts-default">
		<action name="StudentsList" class="action.StartTestAction" method="list">

			<result name="list">
				stulist.jsp
			</result>

		</action>
		<action name="StudentsTest" class="action.StartTestAction" method="test">

			<result name="test">
				testlist.jsp
			</result>

		</action>
		<action name="answerTest" class="action.StartTestAction" method="answer">

			<result name="answer">
				answer.jsp
			</result>

		</action>

	</package>
</struts>