<?xml version="1.0" encoding="utf-8"?>
<!DOCTYPE hibernate-mapping PUBLIC "-//Hibernate/Hibernate Mapping DTD 3.0//EN"
"http://hibernate.sourceforge.net/hibernate-mapping-3.0.dtd">
<!-- 
    Mapping file autogenerated by MyEclipse Persistence Tools
-->
<hibernate-mapping package="vo">
    <class name="Class" table="class" >
        <id name="id" >
            <column name="id" />
            <generator class="native"></generator>
        </id>
        <property name="classNo" >
            <column name="classNo" length="20" />
        </property>
        <property name="className">
            <column name="className" length="20" />
        </property>
        <property name="direction" >
            <column name="direction" length="20" />
        </property>
        <property name="headteacher" >
            <column name="headteacher" length="20" />
        </property>
        <property name="lecturer" >
            <column name="lecturer" length="20" />
        </property>
        <property name="date" >
            <column name="date" length="23" />
        </property>
        <property name="state" >
            <column name="state" length="20" />
        </property>
    </class>
</hibernate-mapping>
