<?xml version="1.0" encoding="UTF-8"?>
<!DOCTYPE hibernate-mapping PUBLIC
        "-//Hibernate/Hibernate Mapping DTD 3.0//EN"
        "http://hibernate.sourceforge.net/hibernate-mapping-3.0.dtd">
	<hibernate-mapping>
		<class name="vo.FangXiang" table="FangXiang">
			<id name="id" column="id">
				<generator class="native"></generator>
			</id>
			<property name="fangName" column="fangName"></property>
			
			<list name="questionesList" inverse="true" >
				<key column="fangXiang"></key>
				<list-index column="fangXiangIdx" />
				<one-to-many class="vo.Question"/>
			</list>
		</class>
	</hibernate-mapping>