<?xml version="1.0" encoding="UTF-8"?>
<!DOCTYPE hibernate-mapping PUBLIC "-//Hibernate/Hibernate Mapping DTD 3.0//EN"
"http://hibernate.sourceforge.net/hibernate-mapping-3.0.dtd">
<!-- 
    Mapping file autogenerated by MyEclipse Persistence Tools
-->
<hibernate-mapping package="vo">
    <class name="Questionjia" table="questionjia">
        <id name="qid" >
            <column name="qid" />
            <generator class="native"></generator>
        </id>
        <property name="kind" >
            <column name="kind"  />
        </property>
        <property name="content" >
            <column name="content" />
        </property>
        <property name="optionA">
            <column name="optionA"  />
        </property>
        <property name="optionB">
            <column name="optionB" />
        </property>
        <property name="optionC" >
            <column name="optionC" />
        </property>
        <property name="optionD" >
            <column name="optionD"  />
        </property>
        <property name="answer" >
            <column name="answer"  />
        </property>
        <property name="difficulty" >
            <column name="difficulty"  />
        </property>
        <property name="subjectId" >
            <column name="subjectId"  />
        </property>
        <property name="chapter" >
            <column name="chapter"/>
        </property>
    </class>
</hibernate-mapping>