<?xml version="1.0" encoding="utf-8"?>
<!DOCTYPE hibernate-mapping PUBLIC "-//Hibernate/Hibernate Mapping DTD 3.0//EN"
"http://hibernate.sourceforge.net/hibernate-mapping-3.0.dtd">
<!-- 
    Mapping file autogenerated by MyEclipse Persistence Tools
-->
<hibernate-mapping package="vo">
    <class name="Score" table="score" schema="dbo" catalog="exam">
        <id name="id" type="java.lang.Integer">
            <column name="id" />
            <generator class="native"></generator>
        </id>
        <property name="classId" type="java.lang.Integer">
            <column name="classId" />
        </property>
        <property name="stuId" type="java.lang.Integer">
            <column name="stuId" />
        </property>
        <property name="subjectId" type="java.lang.Integer">
            <column name="subjectId" />
        </property>
        <property name="paperId" type="java.lang.Integer">
            <column name="paperId" />
        </property>
        <property name="beginTime" type="java.sql.Timestamp">
            <column name="beginTime" length="23" />
        </property>
        <property name="endTime" type="java.sql.Timestamp">
            <column name="endTime" length="23" />
        </property>
        <property name="score" type="java.lang.Double">
            <column name="score" precision="18" />
        </property>
    </class>
</hibernate-mapping>
