<?xml version="1.0" encoding="utf-8"?>
<!DOCTYPE hibernate-mapping PUBLIC "-//Hibernate/Hibernate Mapping DTD 3.0//EN"
"http://hibernate.sourceforge.net/hibernate-mapping-3.0.dtd">
<!-- 
    Mapping file autogenerated by MyEclipse Persistence Tools
-->
<hibernate-mapping package="vo">
    <class name="Teacher" table="teacher" >
        <id name="id">
            <column name="id" />
            <generator class="native"></generator>
        </id>
        <property name="taccount">
            <column name="taccount" />
        </property>
        <property name="tpwd">
            <column name="tpwd" />
        </property>
        <property name="tname">
            <column name="tname" />
        </property>
        <property name="tsex">
            <column name="tsex" />
        </property>
        <property name="tbirthday">
            <column name="tbirthday" />
        </property>
        <property name="teducation">
            <column name="teducation" />
        </property>
        <property name="ttelphone">
            <column name="ttelphone" />
        </property>
        <property name="tjop">
            <column name="tjop" />
        </property>
        <property name="remarks">
            <column name="remarks" />
        </property>
    </class>
</hibernate-mapping>
