<?xml version="1.0" encoding="UTF-8"?>
<!DOCTYPE hibernate-mapping PUBLIC
        "-//Hibernate/Hibernate Mapping DTD 3.0//EN"
        "http://hibernate.sourceforge.net/hibernate-mapping-3.0.dtd">
	<hibernate-mapping>
		<class name="vo.TestQusertion" table="t_TestQusertion">
			<id name="id" column="id">
				<generator class="native"></generator>
			</id>
			<property name="content" column="content"></property>
			<property name="keMu" column="keMu"></property>
			<property name="diJiQi" column="diJiQi"></property>
			<property name="testType" column="testType"></property>
			<property name="optionA" column="optionA"></property>
			<property name="optionB" column="optionB"></property>
			<property name="optionC" column="optionC"></property>
			<property name="optionD" column="optionD"></property>
			<property name="ansWer" column="ansWer"></property>
			<property name="testTypeJOrB" column="testTypeJOrB"></property>
			<property name="difficuLty" column="difficuLty"></property>
			<property name="chaPter" column="chaPter"></property>
			<many-to-one name="questiones" column="questiones_id" not-null="true"></many-to-one>
			<set name="ThePapersList" table="ThePaper_Qusertion" >
			<key column="testQusertion_id"></key>
				<many-to-many class="vo.ThePapers" column="thePapers_id"></many-to-many>
			</set>
		</class>
	</hibernate-mapping>