<?xml version="1.0" encoding="UTF-8" ?>
<!DOCTYPE struts PUBLIC "-//Apache Software Foundation//DTD Struts Configuration 2.1//EN" "http://struts.apache.org/dtds/struts-2.1.dtd">
<struts>
	
	<package name="user" extends="struts-default">
	
		<!-- 登录 -->
		<action name="loginAction" class="action.loginAction" method="Login">
			<result name="success">index.jsp</result>
			<result name="index1">index1.jsp</result>
			<result name="index2">index2.jsp</result>
			<result name="worry">login.jsp</result>
		</action>
		
	</package>
	
	<!-- 讲师模块的action -->
	<package name="teacher" namespace="/teacher" extends="struts-default">
		<action name="teacherActionTS" class="action.teacherAction"
			method="teacherSelect">

			<result name="success">
				list.jsp
			</result>

		</action>

	</package>
	<!-- 学生模块的action -->
	<package name="student" namespace="/student" extends="struts-default">
		<action name="allStudentAction" class="action.studentAction"
		 method="allStudent">
			<result name="success">
			    allStudent.jsp
			</result>
		</action>
	</package>
	
	<!-- 试题模块的action -->
	<package name="question" namespace="/question" extends="struts-default">
		<!-- 试题分类 -->
		<action name="questionList" class="action.QuestionAction"
			method="QuestionSelect">
			<result name="success">
				FenLeiList.jsp
			</result>
		</action>
		<!-- 试题分类的详细查询 -->
		<action name="TestActionQuestion" class="action.QuestionAction"
			method="QuestionSelect1">
			<result name="success">
				questionList.jsp
			</result>
		</action>
		<!-- 添加试题 -->
		<action name="addQuestion" class="action.QuestionAction" method="addQuestion">
		    <result name="success" type="redirectAction">
				FenLeiList.jsp
			</result>
		</action>
		<!-- 修改试题 -->
		<action name="showUpdateAction" class="action.QuestionAction" method="showUpdate">
	 		<result name="showUpdate" type="redirectAction">
	 		     <param name="actionName">TestActionQuestion!QuestionSelect1</param>
	 		     <param name="question.subjectId">${question.subjectId}</param>
				 <param name="question.kindtype">${question.kindtype}</param>
	 		</result>
	 	</action>
	 	<action name="updateOKAction" class="action.QuestionAction" method="updateOK">
	 		<result name="updateOK">questionList.jsp</result>
	 	</action>
	 	<!--删除试题  -->
	 	<action name="deleteQuestion" class="action.QuestionAction" method="deleteQuestion">
	 		<result name="delete" type="redirectAction">
	 		    <param name="actionName">TestActionQuestion!QuestionSelect1</param>
				<param name="question.subjectId">${question.subjectId}</param>
				<param name="question.kindtype">${question.kindtype}</param>
	 		</result>
	 	</action>
	</package>
	
	<!-- 
	    试卷模块的action
	 -->
	<package name="paper" extends="struts-default" namespace="/paper">
	    <!--查询所有试卷 -->
		<action name="PaperList" class="action.paperAction" method="paperList">
			<result name="list">PaperList.jsp</result>
		</action>
		<!--创建试卷9 -->
		<action name="ShowAdd" class="action.paperAction" method="showAddPaper">
			<result name="success">
				createPaper.jsp
			</result>
		</action>
		<!--创建试卷 -->
		<action name="createPaper" class="action.paperAction" method="createPa">
			<result name="success" type="redirectAction">
			    <param name="actionName">PaperList!paperList</param>
			</result>
		</action>
		<!--查看试卷 -->
		<action name="seePaper" class="action.paperAction" method="Seepaper">
			<result name="success">
			    seePaper.jsp
			</result>
		</action>
		<!--跳转到开始考试选择班级页面 -->
		<action name="choosePaper" class="action.paperAction" method="choosepaper">
			<result name="success">
			    startPaper.jsp
			</result>
		</action>
		<!--开始考试 -->
		<action name="startpaper" class="action.paperAction" method="startpaper">
			<result name="success" type="redirectAction">
			    <param name="actionName">PaperList!paperList</param>
			</result>
		</action>
	</package>
</struts>    
