<?xml version="1.0" encoding="UTF-8" ?>
<!DOCTYPE struts PUBLIC "-//Apache Software Foundation//DTD Struts Configuration 2.1//EN" "http://struts.apache.org/dtds/struts-2.1.dtd">
<struts>
	<package name="" extends="struts-default">
	<!-- 登录 -->
      <action name="loginAction" class="action.ExamAction" method="login">
			<result name="error">login.jsp</result>
			<result name="suc">admin.jsp</result>
			<result name="teacher">teacher.jsp</result>
			<result name="student">student.jsp</result>
		</action>
		<!-- 注销登录，回到login界面 -->
		<action name="zhuxiaoAction" class="action.ExamAction" method="zhuxiao">
			<result name="zhuxiao">login.jsp</result>
		</action>
		<!-- 显示所有老师 -->
		<action name="teacherlistAction" class="action.ExamAction" method="teacherlist">
			<result name="teacherlist">teacherlist.jsp</result>
		</action>
		<!-- 显示所有试题 -->
		<action name="questionAction" class="action.QuesAction" method="question">
			<result name="next">/question/question.jsp</result>
		</action>
		<!-- 显示机试笔试题 -->
		<action name="penTestAction" class="action.QuesAction" method="penTest">
			<result name="penTest">/question/penTest.jsp</result>
		</action>
		<!-- 进去添加试题的界面 -->
		<action name="showAddAction" class="action.QuesAction" method="showAdd">
			<result name="showAdd">/question/addQuestion.jsp</result>
		</action>
		<!-- 添加试题 -->
		<action name="addQuestionAction" class="action.QuesAction" method="addQuestion">
			<result name="addQuestion" type="redirectAction">
				<param name="actionName">penTestAction!penTest</param>
				<param name="question.subjectId">${question.subjectId}</param>
				<param name="question.kind">${question.kind}</param>
			</result>
		</action>
		<!-- 显示修改 -->
		<action name="showUpdateAction" class="action.QuesAction" method="showUpdate">
			<result name="showUpdate">/question/update.jsp</result>
		</action>
		<!-- 删除 并重定向刷新 -->
		<action name="deleteAction" class="action.QuesAction" method="delete">
			<result name="delete" type="redirectAction">
				<param name="actionName">penTestAction!penTest</param>
				<param name="question.subjectId">${question.subjectId}</param>
				<param name="question.kind">${question.kind}</param>
			</result>
		</action>
		<!-- 修改 并重定向刷新 -->
		<action name="updateOKAction" class="action.QuesAction" method="updateOK">
			<result name="updateOK" type="redirectAction">
				<param name="actionName">penTestAction!penTest</param>
				<param name="question.subjectId">${question.subjectId}</param>
				<param name="question.kind">${question.kind}</param>
			</result>
		</action>
		<!-- 显示所有试卷 -->
		<action name="paperAction" class="action.PapAction" method="paper">
			<result name="paper">/paper/paperList.jsp</result>
		</action>
		<!--进入 随机组卷 -->
		<action name="randomAction" class="action.PapAction" method="random">
			<result name="random">/paper/randomZuJuan.jsp</result>
		</action>
		<!--随机组卷 提交-->
		<action name="randomOKAction" class="action.PapAction" method="randomOK">
			<result name="randomOK" type="redirectAction">paperAction!paper</result>
		</action>
		<!--进入开始考试界面-->
		<action name="showBeginTestAction" class="action.PapAction" method="showBeginTest">
			<result name="showBeginTest">/paper/beginTest.jsp</result>
		</action>
		<!--进入开始考试获取班级名称-->
		<action name="beginTestAction" class="action.PapAction" method="addClass">
			<result name="addClass" type="redirectAction">paperAction!paper</result>
		</action>
		<!--查看试卷-->
		<action name="selectPaperAction" class="action.PapAction" method="selectPaper">
			<result name="selectPaper">/paper/selectPaper.jsp</result>
		</action>
		<!--查看试卷后可以替换题，点击替换查询其他的同科目的题-->
		<action name="anotherQuestionAction" class="action.PapAction" method="anotherQuestion">
			<result name="anotherQuestion">/paper/anotherQuestion.jsp</result>
		</action>
		<!--替换题，回到查看试卷页面-->
		<action name="tiHuanOKAction" class="action.PapAction" method="tiHuanOK">
			<result name="tiHuanOK" type="redirectAction">
				<param name="actionName">selectPaperAction!selectPaper</param>
				<param name="paper.pid">${paper.pid}</param>
			</result>
		</action>
		<!--学生登陆显示个人信息-->
		<action name="infoAction" class="action.StudentsAction" method="info">
			<result name="info">/student/Infermation.jsp</result>
		</action>
		<!--学生登陆后查看试卷-->
		<action name="paperAction" class="action.StartTestingAction" method="paper">
			<result name="paper">/beginTest/showPaper.jsp</result>
		</action>
		<!--开始考试，显示试题-->
		<action name="showQuestionAction" class="action.StartTestingAction" method="showQuestion">
			<result name="showQuestion">/score/studentExam.jsp</result>
		</action>
		<action name="tijiaoAction" class="action.StartTestingAction" method="tijiao">
			<result name="tijiao" type="redirectAction">
				<param name="actionName">paperAction!paper</param>
				<param name="student.id">${student.id}</param>
			</result>
		</action>
		<!-- 笔试成绩显示列表 -->
		<action name="ScorePaperAction" class="action.StartTestingAction" method="ScorePaper">
			<result name="next">/score/biShiChengJiList.jsp</result>
		</action>
		<!-- 在笔试成绩列表显示后点击查看详情 -->
		<action name="detailsAction" class="action.StartTestingAction" method="details">
			<result name="details">/score/details.jsp</result>
		</action>
		<!--显示修改密码-->
		<action name="showUpdatePwdAction" class="action.StudentsAction" method="showUpdatePwd">
			<result name="showUpdatePwd">/student/updatePwd.jsp</result>
		</action>
   </package>
</struts>    
  
