<?xml version="1.0" encoding="UTF-8"?>
<!DOCTYPE hibernate-mapping PUBLIC
        "-//Hibernate/Hibernate Mapping DTD 3.0//EN"
        "http://hibernate.sourceforge.net/hibernate-mapping-3.0.dtd">
        <hibernate-mapping>
        	<class name="vo.AllPaper" table="allpaper">
        		<id name="pid" column="pid">
        			<generator class="native"></generator>
        		</id>
        		<property name="pName" column="pName"></property>
        		<set name="gradeSet" table="gra_allpap" lazy="false">
        			<key column="pg_pid"></key>
        			<many-to-many class="vo.Grade" column="pg_gid"></many-to-many>
        		</set>
        	</class>
        </hibernate-mapping>
