<?xml version="1.0" encoding="UTF-8"?>
<!DOCTYPE hibernate-mapping PUBLIC
        "-//Hibernate/Hibernate Mapping DTD 3.0//EN"
        "http://hibernate.sourceforge.net/hibernate-mapping-3.0.dtd">
        <hibernate-mapping>
        	<class name="vo.Grade" table="grade">
        		<id name="gid" column="gid">
        			<generator class="native"></generator>
        		</id>
        		<property name="gNum" column="gNum" not-null="true"></property>
        		<property name="gName" column="gName" not-null="true"></property>
        		<many-to-one name="m_teacher" class="vo.Teacher" column="m_teacher"></many-to-one>
        		<many-to-one name="j_teacher" class="vo.Teacher" column="j_teacher"></many-to-one>
        		<property name="begin_time" column="begin_time" not-null="true"></property>
        		<property name="gState" column="gState" not-null="true"></property>
        		<set name="allPaperSet" table="gra_allpap" lazy="false">
        			<key column="pg_gid"></key>
        			<many-to-many class="vo.AllPaper" column="pg_pid"></many-to-many>
        		</set>
        		
        		
        		
        	</class>
        </hibernate-mapping>
