<?xml version="1.0" encoding="UTF-8"?>
<!DOCTYPE hibernate-mapping PUBLIC
        "-//Hibernate/Hibernate Mapping DTD 3.0//EN"
        "http://hibernate.sourceforge.net/hibernate-mapping-3.0.dtd">
        <hibernate-mapping>
        	<class name="vo.P_paper" table="p_paper">
        		<id name="pid" column="pid">
        			<generator class="native"></generator>
        		</id>
        		<property name="pWords" column="pWords" not-null="true"></property>
        		<property name="pA" column="pA" not-null="true"></property>
        		<property name="pB" column="pB" not-null="true"></property>
        		<property name="pC" column="pC" not-null="true"></property>
        		<property name="pD" column="pD" not-null="true"></property>
        		<property name="pAnsware" column="pAnsware" not-null="true"></property>
        		<property name="pDiffi" column="pDiffi" not-null="true"></property>
        		<property name="pT" column="pT" not-null="true"></property>
        		<many-to-one name="subject" class="vo.Subjectes" column="subject_id" lazy="false"></many-to-one>
        		
        	</class>
        </hibernate-mapping>
