<?xml version="1.0" encoding="UTF-8"?>
<!DOCTYPE hibernate-mapping PUBLIC
        "-//Hibernate/Hibernate Mapping DTD 3.0//EN"
        "http://hibernate.sourceforge.net/hibernate-mapping-3.0.dtd">
<hibernate-mapping><!-- mapping 映射 -->
	<class name="vo.SourceData" table="SourceData"><!--前为实体类路径，后为表名 -->
		<id name="id" column="id"><!--主键：实体类属性、数据库列名-->
			<generator class="native"></generator>
		</id>
		
		<property name="answer" column="answer"></property>
		<property name="result" column="result"></property>
		
		<many-to-one name="question" class="vo.Question" column="Question_id" fetch="join" ></many-to-one>
		<many-to-one name="source" class="vo.Source" column="Source_id"  ></many-to-one>
	
	</class>

</hibernate-mapping>