<?xml version="1.0" encoding="UTF-8"?>
<!DOCTYPE hibernate-mapping PUBLIC
        "-//Hibernate/Hibernate Mapping DTD 3.0//EN"
        "http://hibernate.sourceforge.net/hibernate-mapping-3.0.dtd">
<hibernate-mapping><!-- mapping 映射 -->
	<class name="vo.Student" table="Student"><!--前为实体类路径，后为表名 -->
		<id name="id" column="id"><!--主键：实体类属性、数据库列名-->
			<generator class="native"></generator>
		</id>
		
		<property name="loginPwd" column="loginPwd"></property>
		<property name="loginID" column="loginID"></property>
		<property name="name" column="name"></property>
		
		<many-to-one name="classes" class="vo.Classes" column="classes_id" fetch="join" ></many-to-one>
		<bag name="sourceList" inverse="true" cascade="save-update,delete" >
			<key column="Student_id" ></key>
			<one-to-many class="vo.Source"/>
		</bag>
	</class>

</hibernate-mapping>