<?xml version="1.0" encoding="UTF-8"?>
<!DOCTYPE hibernate-mapping PUBLIC
        "-//Hibernate/Hibernate Mapping DTD 3.0//EN"
        "http://hibernate.sourceforge.net/hibernate-mapping-3.0.dtd">
        <hibernate-mapping>
        	<class name="vo.Subjectes" table="subject">
        		<id name="sub_id" column="sub_id">
        			<generator class="native"></generator>
        		</id>
        		<property name="sub_Name" column="sub_Name" not-null="true"></property>
        		<many-to-one name="direction" class="vo.Direction" column="direction_id" lazy="false"></many-to-one>
        		<many-to-one name="stage" class="vo.Stage" column="stage_id" lazy="false"></many-to-one>
        		<set name="paper_set" lazy="false">
        		<key column="subject_id"></key>
        			<one-to-many class="vo.P_paper"/>
        		</set>
        	</class>
        </hibernate-mapping>
