<?xml version="1.0" encoding="UTF-8"?>
<!DOCTYPE hibernate-mapping PUBLIC
        "-//Hibernate/Hibernate Mapping DTD 3.0//EN"
        "http://hibernate.sourceforge.net/hibernate-mapping-3.0.dtd">
        <hibernate-mapping package="bean">
        	<class name="Classes" table="class">
        		<id name="id" column="id">
        			<generator class="native"></generator>
        		</id>
        		<property name="classNo" column="classNo"></property>
        		<property name="className" column="className" ></property>
        		<property name="direction" column="direction"></property>
        		<property name="headteacher" column="headteacher" ></property>
        		<property name="lecturer" column="lecturer"></property>
        		<property name="date" column="date" ></property>
        		<property name="state" column="state"></property>
        		<set name="paper" table="paper_class">
        			<key column="id">	</key>
        			<many-to-many column="pid" class="bean.Paper"></many-to-many>
        		</set>
        	</class>
        
        </hibernate-mapping>
