<?xml version="1.0" encoding="UTF-8"?>
<!DOCTYPE hibernate-mapping PUBLIC
        "-//Hibernate/Hibernate Mapping DTD 3.0//EN"
        "http://hibernate.sourceforge.net/hibernate-mapping-3.0.dtd">
  <hibernate-mapping>
        <class name="bean.Paper" table="paper">
         <id name="pid" column="pid">
          <generator class="native"></generator>
         </id>
        
         <property name="subjectName" column="subjectName"></property>
         <property name="kind" column="kind"></property>
         <property name="title" column="title"></property>
         <property name="testTime" column="testTime"></property>
         <property name="testHour" column="testHour" ></property>
         <property name="totalScore" column="totalScore"></property>
         <property name="qnumber" column="qnumber"></property>
         <property name="state" column="state"></property>
          <set name="question" table="paper_question" cascade="save-update,delete" >  
               <key column="pid"  ></key>  
               <many-to-many class="bean.Question" column="qid"/>  
         </set>
         <set name="student" table="paper_student" cascade="save-update,delete" >  
               <key column="pid"  ></key>  
               <many-to-many class="bean.Student" column="id"/>  
         </set>
         <set name="classes" table="paper_class">
        			<key column="pid">	</key>
        			<many-to-many column="id" class="bean.Classes"></many-to-many>
        		</set>
        </class>
       
       </hibernate-mapping>
