<?xml version="1.0" encoding="UTF-8" ?>
<!DOCTYPE struts PUBLIC "-//Apache Software Foundation//DTD Struts Configuration 2.1//EN" "http://struts.apache.org/dtds/struts-2.1.dtd">
<struts>
	
	<package name="" extends="struts-default">
	
		<!-- 教师和管理员登录 -->
		<action name="TestAction" class="dao.TestAction" method="Login">
			<result name="success">index.jsp</result>
			<result name="index2">index2.jsp</result>
			<result name="index1">index1.jsp</result>
			<result name="worry">login.jsp</result>
		</action>
	</package>
	
	<!-- 讲师模块的action -->
	<package name="teacher" namespace="/teacher" extends="struts-default">
		<action name="TestActionTS" class="dao.TestAction"
			method="teacherSelect">

			<result name="success">
				list.jsp
			</result>

		</action>

	</package>
	<!-- 学生模块的action -->
	<package name="Students" namespace="/Students" extends="struts-default">
		<!-- 个人信息 -->
		<action name="studentsActionList" class="dao.StudentAction"
			method="studentSelf">
			<result name="success">
				studentPerson.jsp
			</result>
		</action>
		<!-- 登录学生可以考试的所有试卷 -->
		<action name="PersonPaperAction" class="dao.StudentAction"
			method="PersonPaper">
			<result name="success">
				personPaper.jsp
			</result>
		</action>
		<!-- 学生选择试卷后__开始考试 -->
		<action name="testAction" class="dao.StudentAction"
			method="test">
			<result name="success">
				test.jsp
			</result>
		</action>
		<!-- 学生开始考试 后提交试卷-->
		<action name="tijiaoPaperAction" class="dao.StudentAction"
			method="tiJiaoPaper">
			<result name="success" type="redirectAction">
				PersonPaperAction!PersonPaper
			</result>
		</action>
		<!-- 学生查看成绩-->
		<action name="selectTestAction" class="dao.StudentAction"
			method="selectTest">
			<result name="success">
				seleczTest.jsp
			</result>
		</action>
	</package>
	<!-- 试题模块的action -->
	<package name="question" namespace="/question" extends="struts-default">
		<!-- 试题分类 -->
		<action name="questionList" class="dao.TestAction"
			method="QuestionSelect">
			<result name="success">
				FenLeiList.jsp
			</result>
		</action>
		<!-- 试题分类的详细查询 -->
		<action name="TestActionQuestion" class="dao.TestAction"
			method="QuestionSelect1">
			<result name="success">
				questionList.jsp
			</result>
		</action>
		<!-- 试题的添加 -->
		<action name="AddQuestion" class="dao.TestAction"
			method="addQuestion">
			<result name="success" type="redirectAction">
				<param name="actionName">TestActionQuestion!QuestionSelect1 </param>
				<param name="subjectId">${question.subjectId}</param>
				<param name="kindType">${question.kindType}</param>
			</result>
		</action>
		<!-- 试题的删除 -->
		<action name="testDelete" class="dao.TestAction"
			method="deleteQuestion">
			<result name="success" type="redirectAction">
				<param name="actionName">TestActionQuestion!QuestionSelect1 </param>
				<param name="subjectId">${subjectId}</param>
				<param name="kindType">${kindType}</param>
			</result>
		</action>
		<!-- 试题的修改 -->
		<action name="testUpdate" class="dao.TestAction"
			method="updateQuestion">
			<result name="success" type="redirectAction">
				<param name="actionName">TestActionQuestion!QuestionSelect1 </param>
				<param name="subjectId">${question.subjectId}</param>
				<param name="kindType">${question.kindType}</param>
			</result>
		</action>
		
		<action name="questionJX" class="dao.TestAction"
			method="JQZFC">
			<result name="success" >
				updateQuestion.jsp
			</result>
		</action>
	</package>
	
	<!-- 试卷模块 -->
	<package name="paper" namespace="/paper" extends="struts-default">
	
		<!-- 试卷列表 -->
		<action name="PaperActionList" class="dao.PaperAction" method="paperList">
			<result name="success">paperList.jsp</result>
			
		</action>
		<!-- 跳转到添加页面 -->
		<action name="addPaperAction" class="dao.PaperAction" method="addPaper">
			<result name="success">addPaper.jsp</result>
			
		</action>
		<!-- 跳转到添加页面 -->
		<action name="addPaperAction1" class="dao.PaperAction" method="SJPaper">
			<result name="success" type="redirectAction">PaperActionList.action</result>
			
		</action>
		<!-- 查看试卷 -->
		<action name="selectPaperAction" class="dao.PaperAction" method="selectPaper">
			<result name="success">selectPaper.jsp</result>
			
		</action>
		
		<!-- 试卷列表的详细分类 -->
		<action name="xiangXiShiJuanList" class="dao.PaperAction" method="xiangXiShiJuan">
			<result name="success">paperList.jsp</result>
			
		</action>
		<!-- 跳转到添加考试班级页面 -->
		<action name="startTestAction" class="dao.PaperAction" method="startTest">
			<result name="success">startTest.jsp</result>
			
		</action>
		<!-- 开始考试 -->
		<action name="startTestAction_2" class="dao.PaperAction" method="addTest">
			<result name="success" type="redirectAction">PaperActionList!paperList</result>
			
		</action>
	</package>
</struts>    
