<?xml version="1.0" encoding="UTF-8"?>
<!DOCTYPE hibernate-mapping PUBLIC
        "-//Hibernate/Hibernate Mapping DTD 3.0//EN"
        "http://hibernate.sourceforge.net/hibernate-mapping-3.0.dtd">
        <hibernate-mapping package="bean">
         <class name="Paper" table="paper">
         
          <id name="pid" column="pid">
           <generator class="native"></generator>
          </id>
          <property name="subjectName" column="subjectName"></property>
          <property name="kind" column="kind"></property>
          <property name="title" column="title"></property>
          <property name="className" column="className"></property>
          <property name="testTime" column="testTime"></property>
          <property name="testHour" column="testHour"></property>
          <property name="totalScore" column="totalScore"></property>
          <property name="qnumber" column="qnumber"></property>
          <property name="state" column="state"></property>
          
          
          <set name="question" table="paper_question">
          <key column="pid">
          </key>
          <many-to-many class="bean.Question" column="qid"></many-to-many>
          
          
          </set>
         <!--  
           <set name="classs" table="paper_class">
          <key column="pid">
          </key>
          <many-to-many class="bean.Class" column="cid"></many-to-many>
          
          
          </set>
         -->  
           <set name="students" table="paper_student">
          <key column="pid">
          </key>
          <many-to-many class="bean.Students" column="sid"></many-to-many>
          
          
          </set>
          
          
         
         </class>
        
        
        </hibernate-mapping>