<?xml version="1.0" encoding="UTF-8"?>
<!DOCTYPE hibernate-mapping PUBLIC
        "-//Hibernate/Hibernate Mapping DTD 3.0//EN"
        "http://hibernate.sourceforge.net/hibernate-mapping-3.0.dtd">
<hibernate-mapping><!-- mapping 映射 -->
	<class name="vo.Classes" table="Classes"><!--前为实体类路径，后为表名 -->
		<id name="id" column="id"><!--主键：实体类属性、数据库列名-->
			<generator class="native"></generator>
		</id>
		
		<property name="className" column="className"></property>
		<property name="headmaster" column="headmaster"></property>
		<property name="lecturer" column="lecturer"></property>
		<property name="driection" column="driection"></property>
		
		<bag name="paperList" table="t_Paper_Classes" >
			<key column="Classes_id" ></key>
			<one-to-many class="vo.Paper_Classes" />
		</bag>
		
		<bag name="studentList" inverse="true" cascade="save-update,delete" >
			<key column="classes_id" ></key>
			<one-to-many class="vo.Student"/>
		</bag>
	</class>

</hibernate-mapping>