<?xml version="1.0" encoding="UTF-8"?>
<!DOCTYPE hibernate-mapping PUBLIC
        "-//Hibernate/Hibernate Mapping DTD 3.0//EN"
        "http://hibernate.sourceforge.net/hibernate-mapping-3.0.dtd">
<hibernate-mapping><!-- mapping 映射 -->
	<class name="vo.Paper_Classes" table="t_Paper_Classes"><!--前为实体类路径，后为表名 -->
		<id name="id" column="id"><!--主键：实体类属性、数据库列名-->
			<generator class="native"></generator>
		</id>
		
		<property name="testTime" column="testTime"></property>

		
		<many-to-one name="classes" class="vo.Classes" column="Classes_id"  ></many-to-one>
		<many-to-one name="paper" class="vo.Paper" column="Paper_id"  ></many-to-one>
		
	</class>

</hibernate-mapping>