<?xml version="1.0" encoding="UTF-8"?>
<!DOCTYPE hibernate-mapping PUBLIC
        "-//Hibernate/Hibernate Mapping DTD 3.0//EN"
        "http://hibernate.sourceforge.net/hibernate-mapping-3.0.dtd">
<hibernate-mapping><!-- mapping 映射 -->
	<class name="vo.Paper" table="Paper"><!--前为实体类路径，后为表名 -->
		<id name="id" column="id"><!--主键：实体类属性、数据库列名-->
			<generator class="native"></generator>
		</id>
		
		<property name="kind" column="kind"></property>
		<property name="title" column="title"></property>
		<property name="testMinutes" column="testMinutes"></property>
		<property name="totalSource" column="totalSource"></property>
		<property name="state" column="state"></property>
		
		<many-to-one name="subject" class="vo.Subject" column="Subject_id"  ></many-to-one>
		<bag name="questionList" table="t_Paper_Question" fetch="join">
			<key column="Paper_id" ></key>
			<many-to-many class="vo.Question" column="Question_id"/>
		</bag>
		<bag name="classesList" table="t_Paper_Classes" >
			<key column="Paper_id" ></key>
			<one-to-many class="vo.Paper_Classes"/>
		</bag>
		<bag name="sourceList" inverse="true" cascade="save-update,delete" >
			<key column="Paper_id" ></key>
			<one-to-many class="vo.Source"/>
		</bag> 
	</class>

</hibernate-mapping>