<?xml version="1.0" encoding="UTF-8"?>
<!DOCTYPE hibernate-mapping PUBLIC
        "-//Hibernate/Hibernate Mapping DTD 3.0//EN"
        "http://hibernate.sourceforge.net/hibernate-mapping-3.0.dtd">
<hibernate-mapping><!-- mapping 映射 -->
	<class name="vo.Question" table="Question"><!--前为实体类路径，后为表名 -->
		<id name="id" column="id"><!--主键：实体类属性、数据库列名-->
			<generator class="native"></generator>
		</id>
		
		<property name="kind" column="kind"></property>
		<property name="content" column="content"></property>
		<property name="optionA" column="optionA"></property>
		<property name="optionB" column="optionB"></property>
		<property name="optionC" column="optionC"></property>
		<property name="optionD" column="optionD"></property>
		<property name="answer" column="answer"></property>
		<property name="defficulty" column="defficulty"></property>
		
		<many-to-one name="subjectType" fetch="join" class="vo.SubjectType" column="subjectType_id"  ></many-to-one>
		<bag name="paperList" table="t_Paper_Question" lazy="true" >
			<key column="Question_id" ></key>
			<many-to-many class="vo.Paper" column="Paper_id"/>
		</bag>
	</class>

</hibernate-mapping>