<?xml version="1.0" encoding="UTF-8"?>
<!DOCTYPE hibernate-mapping PUBLIC
        "-//Hibernate/Hibernate Mapping DTD 3.0//EN"
        "http://hibernate.sourceforge.net/hibernate-mapping-3.0.dtd">
<hibernate-mapping><!-- mapping 映射 -->
	<class name="vo.Subject" table="Subject"><!--前为实体类路径，后为表名 -->
		<id name="id" column="id"><!--主键：实体类属性、数据库列名-->
			<generator class="native"></generator>
		</id>
		<property name="direction" column="direction"></property>
		<property name="stage" column="stage"></property>
		
		<many-to-one name="subjectType" class="vo.SubjectType" fetch="join" column="subjectType_id"  ></many-to-one>
	</class>

</hibernate-mapping>