<?xml version="1.0" encoding="UTF-8"?>
<!DOCTYPE hibernate-mapping PUBLIC
        "-//Hibernate/Hibernate Mapping DTD 3.0//EN"
        "http://hibernate.sourceforge.net/hibernate-mapping-3.0.dtd">
<hibernate-mapping><!-- mapping 映射 -->
	<class name="vo.TeacherDept" table="TeacherDept"><!--前为实体类路径，后为表名 -->
		<id name="id" column="id"><!--主键：实体类属性、数据库列名-->
			<generator class="native"></generator>
		</id>
		
		<property name="deptName" column="deptName"></property>
		
		<bag name="teacherList" inverse="true"  fetch="join"  cascade="save-update,delete,persist" >
			<key column="TeacherDept_id" ></key>
			<one-to-many class="vo.Teacher"/>
		</bag>
	</class>

</hibernate-mapping>