<?xml version="1.0" encoding="UTF-8"?>
<!DOCTYPE hibernate-mapping PUBLIC
        "-//Hibernate/Hibernate Mapping DTD 3.0//EN"
        "http://hibernate.sourceforge.net/hibernate-mapping-3.0.dtd">
<hibernate-mapping><!-- mapping 映射 -->
	<class name="vo.Teacher" table="Teacher"><!--前为实体类路径，后为表名 -->
		<id name="id" column="id"><!--主键：实体类属性、数据库列名-->
			<generator class="native"></generator>
		</id>
		
		<property name="loginPwd" column="loginPwd"></property>
		<property name="loginID" column="loginID"></property>
		<property name="name" column="name"></property>
		
		<many-to-one name="teacherDept" class="vo.TeacherDept"  fetch="join"  column="TeacherDept_id" ></many-to-one>
	</class>

</hibernate-mapping>