<?xml version="1.0" encoding="UTF-8"?>
<!DOCTYPE hibernate-mapping PUBLIC
        "-//Hibernate/Hibernate Mapping DTD 3.0//EN"
        "http://hibernate.sourceforge.net/hibernate-mapping-3.0.dtd">
	<hibernate-mapping>
		<class name="vo.Achievement" table="Achievement">
			<id name="id" column="id">
				<generator class="native"></generator>
			</id>
			<property name="achievement" column="achievement"></property>
				<set name="studentsList" table="students_Achievement" >
			<key column="AchievementId"></key>
				<many-to-many class="vo.Students" column="studentsId"></many-to-many>
			</set>
		</class>
	</hibernate-mapping>