<?xml version="1.0" encoding="UTF-8"?>
<!DOCTYPE hibernate-mapping PUBLIC
        "-//Hibernate/Hibernate Mapping DTD 3.0//EN"
        "http://hibernate.sourceforge.net/hibernate-mapping-3.0.dtd">
	<hibernate-mapping>
		<class name="vo.Classes" table="t_Classes">
			<id name="id" column="id">
				<generator class="native"></generator>
			</id>
			<property name="className" column="className"></property>
			<property name="openTion" column="openTion"></property>
			<list name="studentList" inverse="true" >
				<key column="classes_id"></key>
				<list-index column="studentListIdx" />
				<one-to-many class="vo.Students"/>
			</list>
			<many-to-one name="teacheres" column="teacheres_id"  not-null="true"></many-to-one>	
			<set name="thePapersList" table="Classes_ThePapers">
				<key column="Classes_id"></key>
				<many-to-many class="vo.ThePapers" column="thePapers_id"></many-to-many>
			</set>
		</class>
	</hibernate-mapping>