<?xml version="1.0" encoding="UTF-8"?>
<!DOCTYPE hibernate-mapping PUBLIC
        "-//Hibernate/Hibernate Mapping DTD 3.0//EN"
        "http://hibernate.sourceforge.net/hibernate-mapping-3.0.dtd">
	<hibernate-mapping>
		<class name="vo.Questiones" table="t_Questiones">
			<id name="id" column="id">
				<generator class="native"></generator>
			</id>
			<property name="fewQuest" column="fewQuest"></property>
			
			<many-to-one name="fangXiang" column="fangXiang" not-null="true"></many-to-one>
			 <list name="testQusertionlist" inverse="true" >
				<key column="questiones_id"></key>
				<list-index column="Qusertionlistindex" />
				<one-to-many class="vo.TestQusertion"/>
			</list>
		</class>
	</hibernate-mapping>
