<?xml version="1.0" encoding="UTF-8" ?>
<!DOCTYPE struts PUBLIC "-//Apache Software Foundation//DTD Struts Configuration 2.1//EN" "http://struts.apache.org/dtds/struts-2.1.dtd">
<struts>
	<package name="login" extends="struts-default">
		<action name="loginAction" class="action.LoginAction" method="login">
			<result name="GL">index.jsp</result>
			<result name="JS">index.jsp</result>
			<result name="XS">index.jsp</result>
			<result name="error">index1.jsp</result>
		</action>
	</package>
	<!--讲师 -->
	<package name="teacher" namespace="/teacher" extends="struts-default">
		<action name="listAction" class="action.TeacherAction" method="list">
			<result name="list">list.jsp</result>
		</action>
	</package>
	<!-- 题库 -->
	<package name="question" namespace="/question" extends="struts-default">
		<action name="questionListAction" class="action.QuestionAction" method="questionList">
			<result name="questionList">questionList.jsp</result>
		</action>
		
		<action name="ListAction" class="action.QuestionAction" method="newlist">
			<result name="success">pen.jsp</result>
		</action>
		
		<action name="HupdateAction" class="action.QuestionAction" method="Hupdate">
			<result name="success">Hupdate.jsp</result>
		</action>
		
		<!-- 更新 -->
		<action name="UpdateAction" class="action.QuestionAction" method="Update">
			<result name="newList" type="redirectAction">
				<param name="actionName">ListAction!newlist</param>
			</result>
		</action>
		
		<!-- 删除 -->
		<action name="deleteAction" class="action.QuestionAction" method="delete">
			<result name="delete" type="redirectAction">
				<param name="actionName">ListAction!newlist</param>
			</result>
		</action>
		
		<!-- 增加 -->
		<action name="insertAction" class="action.QuestionAction" method="insert">
			<result name="insert" type="redirectAction">
				<param name="actionName">ListAction!newlist</param>
			</result>
		</action>
	</package>
	<!-- 答卷 -->
	<package name="paper" namespace="/paper" extends="struts-default">
		<action name="ListAction" class="action.paperAction" method="paperlist">
			<result name="paperlist">paper.jsp</result>
		</action>
		
		<action name="insertAction" class="action.paperAction" method="paperInsert">
			<result name="paperInsert" type="redirectAction">
				<param name="actionName">ListAction!paperlist</param>
			</result>
		</action>	
		<action name="selectListAction" class="action.paperAction" method="selectlist">
			<result name="selectlist">selectlist.jsp</result>
		</action>
		
		<action name="goAction" class="action.GoThetestAction" method="classes">
			<result name="success">go.jsp</result>
		</action>
		
		<action name="insertAction" class="action.GoThetestAction" method="insertClass">
			<result name="insertClass" type="redirectAction">
				<param name="actionName">ListAction!paperlist</param>
			</result>
		</action>
	</package>
	<package name="student" namespace="/student" extends="struts-default">
	
		<action name="GoTheTestAction" class="action.GoThetestAction" method="selectPaper">
			<result name="selectPaper">selectPaper.jsp</result>
		</action>
		<action name="stuPaperKaoshi" class="action.paperAction" method="stuPaperKaoshi">
			<result name="stuPaperKaoshi">stuPaperKaoshi.jsp</result>
		</action>
	</package>
</struts>    
