<?xml version="1.0" encoding="UTF-8"?>
<!DOCTYPE hibernate-mapping PUBLIC
        "-//Hibernate/Hibernate Mapping DTD 3.0//EN"
        "http://hibernate.sourceforge.net/hibernate-mapping-3.0.dtd">
  <hibernate-mapping>
        <class name="bean.Question" table="question">
         <id name="qid" column="qid">
          <generator class="native"></generator>
         </id>
        
         <property name="kind" column="kind"></property>
         <property name="content" column="content"></property>
         <property name="optionA" column="optionA"></property>
         <property name="optionB" column="optionB"></property>
         <property name="optionC" column="optionC"></property>
         <property name="optionD" column="optionD"></property>
         <property name="answer" column="answer"></property>
         <property name="difficulty" column="difficulty"></property>
         <property name="subjectId" column="subjectId"></property>
         <property name="chapter" column="chapter"></property>
         <property name="kindType" column="kindType"></property>
         <set name="paper" table="paper_question">
          		<key column="qid" ></key>
          		<many-to-many class="bean.Parper" column="pid"></many-to-many>
          </set>
         
        </class>
       
       </hibernate-mapping>
