<?xml version="1.0" encoding="UTF-8"?>
<!DOCTYPE hibernate-mapping PUBLIC
        "-//Hibernate/Hibernate Mapping DTD 3.0//EN"
        "http://hibernate.sourceforge.net/hibernate-mapping-3.0.dtd">
        
        <hibernate-mapping>
        	<class name="beans.Role"  table="role">
				<id name="rid" column="rid">
					<generator class="native"></generator>
				</id>
				<property name="rname" column="rname"></property>
				<many-to-one name="users" class="beans.UserLogin" column="userLogin_id" ></many-to-one>
			</class>
        </hibernate-mapping>