<?xml version="1.0" encoding="UTF-8"?>
<!DOCTYPE hibernate-mapping PUBLIC
        "-//Hibernate/Hibernate Mapping DTD 3.0//EN"
        "http://hibernate.sourceforge.net/hibernate-mapping-3.0.dtd">
        
        <hibernate-mapping>
        	<class name="beans.Teacher"  table="teacher">
				<id name="tid" column="tid">
					<generator class="native"></generator>
				</id>
				<property name="tname" column="tname"></property>
				<property name="tel" column="tel"></property>
				<property name="sex" column="sex"></property>
				<property name="tno" column="tno"></property>
				<property name="remark" column="remark"></property>
				<many-to-one name="users" class="beans.UserLogin" column="userLogin_id" ></many-to-one>
			</class>
        </hibernate-mapping>