<!DOCTYPE hibernate-mapping PUBLIC
        "-//Hibernate/Hibernate Mapping DTD 3.0//EN"
        "http://hibernate.sourceforge.net/hibernate-mapping-3.0.dtd">
        <hibernate-mapping>
        	<class name="vo.Admin" table="t_admin">
        		<id name="a_id" column="a_id">
        			<generator class="native"></generator>
        		</id>
        		<property name="a_acc" column="a_acc"></property>
        		<property name="a_pwd" column="a_pwd"></property>
        	</class>
        </hibernate-mapping>