<?xml version="1.0" encoding="UTF-8"?>
<!DOCTYPE hibernate-mapping PUBLIC
        "-//Hibernate/Hibernate Mapping DTD 3.0//EN"
        "http://hibernate.sourceforge.net/hibernate-mapping-3.0.dtd">
        <hibernate-mapping>
        	<class name="vo.Teacher" table="t_teacher">
        		<id name="t_id" column="t_id">
        			<generator class="native"></generator>
        		</id>
        		<property name="t_accNo" column="t_accNo"></property>
        		<property name="t_name" column="t_name"></property>
        		<property name="t_pwd" column="t_pwd"></property>
        		<property name="sex" column="sex"></property>
        		<property name="t_tell" column="t_tell"></property>
        		<property name="t_job" column="t_job"></property>
        	</class>
        </hibernate-mapping>
