<?xml version="1.0" encoding="UTF-8" ?>
<!DOCTYPE struts PUBLIC "-//Apache Software Foundation//DTD Struts Configuration 2.1//EN" "http://struts.apache.org/dtds/struts-2.1.dtd">
<struts>
	<package name="" extends="struts-default">
		<action name="TestLogin" class="action.TestAction" method="login">
			<result name="studentsIndex">studentsIndex.jsp</result>
			<result name="teacherIndex">teacherIndex.jsp</result>
			<result name="index">index.jsp</result>
			<result name="Not">login.jsp</result>
		</action>

	</package>

	<!-- 查詢教師列表 -->
	<package name="teacher" namespace="/teacher" extends="struts-default">
		<action name="TestSelectTeacher" class="action.TestAction"
			method="selectTeacher">



			<result name="selectTeacher">teacherManframe.jsp</result>
		</action>

	</package>

	<!-- 查詢所有试题 -->
	<package name="question" namespace="/question" extends="struts-default">

		<action name="TestSelectQuestion" class="action.TestAction"
			method="selectQuestion">


			<result name="selectQuestion">questionList.jsp</result>
		</action>
		<!-- 试卷具体信息 -->
		<action name="selectQuestion" class="action.TestAction" method="selectquestion">

			<result name="selectquestion">list.jsp</result>
		</action>



	</package>
	<!--添加试题 -->
	<package name="addq" namespace="/question" extends="struts-default">


		<action name="addQuestion" class="action.TestAction" method="addquestion">

			<result name="addquestion" type="redirectAction">TestSelectQuestion!selectQuestion
			</result>
		</action>
	</package>

	<!--删除试题 -->
	<package name="deleteq" namespace="/question" extends="struts-default">


		<action name="deleteQuestion" class="action.TestAction" method="deletequestion">

			<result name="deletequestion" type="redirectAction">TestSelectQuestion!selectQuestion
			</result>
		</action>
	</package>


	<!--修改试题 -->
	<package name="updateq" namespace="/question" extends="struts-default">


		<action name="updateQuestion" class="action.TestAction" method="updatequestion">

			<result name="updatequestion" type="redirectAction">TestSelectQuestion!selectQuestion
			</result>
		</action>
	</package>

	<!--试卷列表 -->
	<package name="test" namespace="/test" extends="struts-default">


		<action name="selectTest" class="action.TestAction" method="selecttest">

			<result name="selecttest">list.jsp</result>
		</action>

		<!--添加试卷 -->



		<action name="addTest" class="action.TestAction" method="addtest">

			<result name="add" type="redirectAction">selectTest!selecttest</result>


		</action>

     <action name="selectClassName" class="action.TestAction" method="selectClassName">
        <result name="start">start.jsp</result>
     </action>
     
   
	   <action name="start" class="action.TestAction" method="startt">
        <result name="startt" type="redirectAction">selectTest!selecttest</result>
     </action>
     
     
      <action name="testPaperQuest" class="action.TestAction" method="paperquest">
        <result name="paperquest" >time.jsp</result>
     </action>

	</package>
	
	<!-- 学生个人信息 -->
	<package name="Stu" namespace="/students" extends="struts-default">
	<action name="Stu1"  class="action.TestAction" method="stu1">
	<result name="stu1">one.jsp</result>
	</action>
	<!-- 学生能考试的卷子 -->
	<action name="Stu2"  class="action.TestAction" method="stu2">
	<result name="stu2">two.jsp</result>
	</action>
	
	<!-- 学生开始答题 -->
	<action name="Stu3"  class="action.TestStudents" method="stu3">
	<result name="stu3">three.jsp</result>
	</action>
	 
	</package>
	
	
	












	<!-- 添加新教師 -->

	<package name="teacherAdd" extends="struts-default">
		<action name="TestAddTeacher" class="action.TestAction" method="addTeacher">



			<result name="addTeacher">teacherManframe.jsp</result>
		</action>

	</package>

</struts>    
