<?xml version="1.0" encoding="UTF-8"?>
<!DOCTYPE hibernate-mapping PUBLIC
        "-//Hibernate/Hibernate Mapping DTD 3.0//EN"
        "http://hibernate.sourceforge.net/hibernate-mapping-3.0.dtd">
	<hibernate-mapping>
		<class name="vo.Students" table="t_Students">
			<id name="id" column="id">
				<generator class="native"></generator>
			</id>
			<property name="stuedetId" column="stuedetId"></property>
			<property name="mima" column="mima"></property>
			<property name="stuName" column="stuName"></property>
			<property name="ruXue" column="ruXue"></property>
			<property name="shengri" column="shengri"></property>
			<property name="shenFen" column="shenFen"></property>
			<property name="sheng" column="sheng"></property>
			<property name="zhuanYeJC" column="zhuanYeJC"></property>
			<property name="number" column="number"></property>
			<property name="jiaNumber" column="jiaNumber"></property>
			
			<many-to-one name="teacheres" column="teacheres_id" not-null="true" ></many-to-one>
			<many-to-one name="classes" column="classes_id" not-null="true" ></many-to-one>
		</class>
	</hibernate-mapping>