<?xml version="1.0" encoding="UTF-8"?>
<!DOCTYPE hibernate-mapping PUBLIC
        "-//Hibernate/Hibernate Mapping DTD 3.0//EN"
        "http://hibernate.sourceforge.net/hibernate-mapping-3.0.dtd">
        
        <hibernate-mapping>
        	<class name="beans.paper"  table="paper">
				<id name="pid" column="pid">
					<generator class="native"></generator>
				</id>
				<property name="subjectName" column="subjectName"></property>
				<property name="type" column="type"></property>
				<property name="title" column="title"></property>
				<property name="className" column="className"></property>
				<property name="testTime" column="testTime"></property>
				<property name="testHour" column="testHour"></property>
				<property name="totalScore" column="totalScore"></property>
				<property name="qnumber" column="qnumber"></property>
				<property name="state" column="state"></property>
				<set name="questions" table="t_questions_paper">
					<key column="question_id"></key>
					<many-to-many column="paper_id" class="beans.Question"></many-to-many>
				</set>
			</class>
        </hibernate-mapping>
