<?xml version="1.0" encoding="UTF-8"?>
<!DOCTYPE hibernate-mapping PUBLIC
        "-//Hibernate/Hibernate Mapping DTD 3.0//EN"
        "http://hibernate.sourceforge.net/hibernate-mapping-3.0.dtd">
        
        <hibernate-mapping>
        	<class name="beans.Question"  table="question">
				<id name="qid" column="qid">
					<generator class="native"></generator>
				</id>
				<property name="type" column="type"></property>
				<property name="content" column="content"></property>
				<property name="optionA" column="optionA"></property>
				<property name="optionB" column="optionB"></property>
				<property name="optionC" column="optionC"></property>
				<property name="optionD" column="optionD"></property>
				<property name="answer" column="answer"></property>
				<property name="difficulty" column="difficulty"></property>
				<property name="subject" column="subject"></property>
				<property name="types" column="types"></property>
				<set name="papers" table="t_questions_paper" >
					<key column="paper_id"></key>
					<many-to-many column="question_id" class="beans.paper"></many-to-many>
				</set>
			</class>
        </hibernate-mapping>