<?xml version="1.0" encoding="UTF-8"?>
<!DOCTYPE hibernate-mapping PUBLIC
        "-//Hibernate/Hibernate Mapping DTD 3.0//EN"
        "http://hibernate.sourceforge.net/hibernate-mapping-3.0.dtd">
        <hibernate-mapping>
        	<class name="beans.UserLogin"  table="userLogin">
				<id name="uid" column="uid">
					<generator class="native"></generator>
				</id>
				<property name="loginName" column="loginName"></property>
				<property name="loginPwd" column="loginPwd"></property>
				<set name="roles" inverse="true"  cascade="save-update" fetch="join" >
					<key column="userLogin_id"></key>
					<one-to-many class="beans.Role"/>
				</set>
				<set name="teachers" inverse="true"  cascade="save-update" fetch="join" >
					<key column="userLogin_id"></key>
					<one-to-many class="beans.Teacher"/>
				</set>
			</class>
        </hibernate-mapping>