<?xml version="1.0"?>
<!DOCTYPE hibernate-mapping PUBLIC
        "-//Hibernate/Hibernate Mapping DTD 3.0//EN"
        "http://hibernate.sourceforge.net/hibernate-mapping-3.0.dtd">
        <hibernate-mapping>
        	<class name="vo.Classes" table="class">
        		<id name="classId" column="classId">
        			<generator class="native"></generator>
        		</id>
        		<property name="className" column="className"></property>
        		<property name="classNo" column="classNo"></property>
        		<property name="direction" column="direction"></property>
        		<property name="headteacher" column="headteacher"></property>
        		<property name="lecturer" column="lecturer"></property>
        		<property name="date" column="date"></property>
        		<property name="state" column="state"></property>
        		<set name="students" inverse="true">
        			<key column="classId"></key>
        			<one-to-many class="vo.Students"></one-to-many>
        		</set>
        	</class>
        	
        </hibernate-mapping>
