<?xml version="1.0"?>
<!DOCTYPE hibernate-mapping PUBLIC
        "-//Hibernate/Hibernate Mapping DTD 3.0//EN"
        "http://hibernate.sourceforge.net/hibernate-mapping-3.0.dtd">
        <hibernate-mapping>
        	<class name="vo.Question" table="question">
        		<id name="queId" column="queId">
        			<generator class="native"></generator>
        		</id>
        		<property name="kind" column="kind"></property>
        		<property name="content" column="content"></property>
        		<property name="optionA" column="optionA"></property>
        		<property name="optionB" column="optionB"></property>
        		<property name="optionC" column="optionC"></property>
        		<property name="optionD" column="optionD"></property>
        		<property name="answer" column="answer"></property>
        		<property name="subject" column="subject"></property>
        		<property name="difficulty" column="difficulty"></property>
        		<property name="chapter" column="chapter"></property>
        		<property name="queClass" column="queClass"></property>
    
        		<set name="paper"  table="QuestionAndPaper">
        			<key column="queId"></key>
        			<many-to-many class="vo.Paper" column="pid" ></many-to-many>
        		</set>
        	</class>
        
        </hibernate-mapping>
