<?xml version="1.0" encoding="UTF-8" ?>
<!DOCTYPE struts PUBLIC "-//Apache Software Foundation//DTD Struts Configuration 2.1//EN" "http://struts.apache.org/dtds/struts-2.1.dtd">
<struts>
	<package name="" extends="struts-default">
		<action name="loginAction" class="action.LoginAction" method="login">
			<result name="loginok">index.jsp</result>
			<result name="loginnot">login.jsp</result>
		</action>
		<action name="tuiAction" class="action.LoginAction" method="tui">
			<result name="next">login.jsp</result>
		</action>
		<action name="allTeacherAction" class="action.TeacherAction" method="allTeacher">
			<result name="next">teacher/allTeacher.jsp</result>
		</action>
		<action name="allStudentAction" class="action.studentAction" method="allStudent">
			<result name="next">student/allStudent.jsp</result>
		</action>
		<action name="shangchuan" class="action.shangAction">
			<result name="next">MyJsp.jsp</result>
		</action>
	</package>
	
	<package name="student" extends="struts-default" namespace="/student">
		
		<action name="allStudentAction" class="action.studentAction" method="allStudent">
			<result name="next">allStudent.jsp</result>
		</action>
		<action name="studentPaper" class="action.studentAction" method="studentPaper">
			<result name="next">studentPaper.jsp</result>
		</action>
		<action name="paperQuestion" class="action.studentAction" method="paperQuestion">
			<result name="next">studentPaper.jsp</result>
		</action>
		<action name="ScorePaper" class="action.studentAction" method="ScorePaper">
			<result name="next">ScorePaper.jsp</result>
		</action>
	</package>
	<package name="score" extends="struts-default" namespace="/score">
		<action name="paperQuestion" class="action.ScoreAction" method="paperQuestion">
			<result name="next">studentExam.jsp</result>
		</action>
		<action name="pageQuestion" class="action.ScoreAction" method="pageQuestion">
			<result name="next">studentExam.jsp</result>
			<result name="ret" type="redirectAction">
				<param name="namespace">/student</param>
				<param name="actionName">studentPaper!studentPaper</param>
				<param name="student.id">${student.id}</param>
			</result>
		</action>
		<action name="ScoreQuestion" class="action.ScoreAction" method="ScoreQuestion">
			<result name="next">ScoreExam.jsp</result>
		</action>
		<action name="tijiaoAction" class="action.ScoreAction" method="tijiao">
			<!--  -->
			<result name="next">studentExam.jsp</result>
		</action>
	</package>
	
	<package name="teacher" extends="struts-default" namespace="/teacher">
		
		<action name="allTeacherAction" class="action.TeacherAction" method="allTeacher">
			<result name="next">allTeacher.jsp</result>
		</action>
		
	</package>
	
	<package name="question" extends="struts-default" namespace="/Question" >
		<action name="allSubjectAction" class="action.QuestionAction" method="allSubject">
			<result name="next">Subject.jsp</result>
		</action>
		<action name="QuestionAction" class="action.QuestionAction" method="selectQuestion">
			<result name="next">SubjectQuestion.jsp</result>
		</action>
		<action name="showAddQuestion" class="action.QuestionAction" method="showAddQuestion">
			<result name="next">InsertQuestion.jsp</result>
		</action>
		<action name="AddQuestion" class="action.QuestionAction" method="addQuestion">
			<result name="next" type="redirectAction">
				<param name="actionName">QuestionAction!selectQuestion</param>
				<param name="question.subjectId">${question.subjectId}</param>
				<param name="question.kind">${question.kind}</param>
			</result>
		</action>
		<action name="DeleteQuestion" class="action.QuestionAction" method="deleteQuestion">
			<result name="next" type="redirectAction">
				<param name="actionName">QuestionAction!selectQuestion</param>
				<param name="question.subjectId">${question.subjectId}</param>
				<param name="question.kind">${question.kind}</param>
			</result>
		</action>
		<action name="ShowQuestion" class="action.QuestionAction" method="showQuestion">
			<result name="next">
				UpdateQuestion.jsp
			</result>
		</action>
		<action name="UpdateQuestion" class="action.QuestionAction" method="UpdateQuestion">
			<result name="next" type="redirectAction">
				<param name="actionName">QuestionAction!selectQuestion</param>
				<param name="question.subjectId">${question.subjectId}</param>
				<param name="question.kind">${question.kind}</param>
			</result>
		</action>
	</package>
	
	<package name="paper" extends="struts-default" namespace="/Paper" >
		<action name="AllPaper" class="action.PaperAction" method="allPaper">
			<result name="next">
				allPaper.jsp
			</result>
		</action>
		<action name="ShowAdd" class="action.PaperAction" method="showAddPaper">
			<result name="next">
				addPaper.jsp
			</result>
		</action>
		<action name="addPaper" class="action.PaperAction" method="addPaper">
			<result name="next" type="redirectAction">
				<param name="actionName">AllPaper!allPaper</param>
			</result>
		</action>
		<action name="searchPaper" class="action.PaperAction" method="searchPaper">
			<result name="next">
				SearchPaper.jsp
			</result>
		</action>
		<action name="anotherQuestion" class="action.PaperAction" method="anotherQuestion">
			<result name="next">
				anotherQuestion.jsp
			</result>
		</action>
		<action name="tiQuestion" class="action.PaperAction" method="tiQuestion">
			<result name="next" type="redirectAction">
				<param name="actionName">searchPaper!searchPaper</param>
				<param name="paper.pid">${paper.pid}</param>
			</result>
		</action>
		<action name="allClasses" class="action.PaperAction" method="allClasses">
			<result name="next">
				ReadyExam.jsp
			</result>
		</action>
		<action name="readyExam" class="action.PaperAction" method="ready">
			<result name="next" type="redirectAction">
				<param name="actionName">AllPaper!allPaper</param>
			</result>
		</action>
	</package>
	
</struts>    
