<?xml version="1.0" encoding="UTF-8"?>
<!DOCTYPE hibernate-mapping PUBLIC
        "-//Hibernate/Hibernate Mapping DTD 3.0//EN"
        "http://hibernate.sourceforge.net/hibernate-mapping-3.0.dtd">
        <hibernate-mapping>
        <class name="beans.Student" table="student">
        		<id name="stuid" column="stuid">
        			<generator class="native"></generator>
        		</id>
        		<property name="stuNo" column="stuNo"></property>
        		<property name="stupwd" column="stupwd" ></property>
        		<property name="stuname" column="stuname" ></property>
        		<property name="stusex" column="stusex"></property>
        		<property name="stutel" column="stutel" ></property>
        		<property name="stuyear" column="stuyear" ></property>
        		<property name="stuID" column="stuID" ></property>
        		<property name="studay" column="studay"></property>
        		<property name="stushengfen" column="stushengfen" ></property>
        		<property name="stuzhuxiu" column="stuzhuxiu"></property>
        		<property name="stuparent" column="stuparent" ></property>
        		<property name="stusushe" column="stusushe"></property>
        		<property name="stususheNO" column="stususheNO" ></property>
        		<property name="stuguardian" column="stuguardian"></property>
        		<property name="stuaddress" column="stuaddress" ></property>
        		<property name="studiretion" column="studiretion" ></property>
        		<property name="stupolitical" column="stupolitical" ></property>
        		<many-to-one name="users" class="beans.UserLogin" column="userLogin_id" ></many-to-one>
        		<many-to-one name="classes" class="beans.Classes" column="classId"></many-to-one>
        	</class>
        
        
        </hibernate-mapping>
        	