<?xml version="1.0"?>
<!DOCTYPE hibernate-mapping PUBLIC
        "-//Hibernate/Hibernate Mapping DTD 3.0//EN"
        "http://hibernate.sourceforge.net/hibernate-mapping-3.0.dtd">
        <hibernate-mapping>
        	<class name="vo.Admin" table="admin">
        		<id name="adminid" column="adminid">
        			<generator class="native"></generator>
        		</id>
        		<property name="adminName" column="adminName"></property>
        		<property name="adminPwd" column="adminPwd"></property>
        		
        	</class>
        
        </hibernate-mapping>
