<?xml version="1.0"?>
<!DOCTYPE hibernate-mapping PUBLIC
        "-//Hibernate/Hibernate Mapping DTD 3.0//EN"
        "http://hibernate.sourceforge.net/hibernate-mapping-3.0.dtd">
        <hibernate-mapping>
        	<class name="vo.Paper" table="paper">
        		<id name="pid" column="pid">
        			<generator class="native"></generator>
        		</id>
        		<property name="kind" column="kind"></property>
        		<property name="subjectName" column="subjectName"></property>
        		<property name="title" column="title"></property>
        		<property name="className" column="className"></property>
        		<property name="testTime" column="testTime"></property>
        		<property name="testHour" column="testHour"></property>
        		<property name="score" column="score"></property>
        		<property name="totalScore" column="totalScore"></property>
        		<property name="state" column="state"></property>
        		<set name="question"  table="QuestionAndPaper">
        			<key column="pid"></key>
        			<many-to-many class="vo.Question" column="queId" ></many-to-many>
        		</set>
        		<set name="students"  table="PaperAndStudents">
        			<key column="pid"></key>
        			<many-to-many class="vo.Students" column="stuId" ></many-to-many>
        		</set>
        	</class>
        
        </hibernate-mapping>
