<?xml version="1.0"?>
<!DOCTYPE hibernate-mapping PUBLIC
        "-//Hibernate/Hibernate Mapping DTD 3.0//EN"
        "http://hibernate.sourceforge.net/hibernate-mapping-3.0.dtd">
        <hibernate-mapping>
        	<class name="vo.Score" table="score">
        		<id name="sid" column="sid">
        			<generator class="native"></generator>
        		</id>
        		<property name="subjectName" column="subjectName"></property>
        		<property name="className" column="className"></property>
        		<property name="stuId" column="stuId"></property>
        		<property name="paperId" column="paperId"></property>
        		<property name="startTime" column="startTime"></property>
        		<property name="outTime" column="outTime"></property>
        		<property name="score" column="score"></property>
        	</class>
        
        </hibernate-mapping>
