<?xml version="1.0"?>
<!DOCTYPE hibernate-mapping PUBLIC
        "-//Hibernate/Hibernate Mapping DTD 3.0//EN"
        "http://hibernate.sourceforge.net/hibernate-mapping-3.0.dtd">
        <hibernate-mapping>
        	<class name="vo.ScoreDetails" table="scoredetails">
        		<id name="sdId" column="sdId">
        			<generator class="native"></generator>
        		</id>
        		<property name="scoreId" column="scoreId"></property>
        		<property name="questionId" column="questionId"></property>
        		<property name="answer" column="answer"></property>
        	</class>
        
        </hibernate-mapping>
