<?xml version="1.0"?>
<!DOCTYPE hibernate-mapping PUBLIC
        "-//Hibernate/Hibernate Mapping DTD 3.0//EN"
        "http://hibernate.sourceforge.net/hibernate-mapping-3.0.dtd">
        <hibernate-mapping>
        	<class name="vo.Students" table="students">
        		<id name="stuid" column="stuid">
        			<generator class="native"></generator>
        		</id>
        		<property name="stuNo" column="stuNo"></property>
        		<property name="stuName" column="stuName"></property>
        		<property name="stuPwd" column="stuPwd"></property>
        		<property name="stuSex" column="stuSex"></property>
        		<property name="stuTel" column="stuTel"></property>
        		<many-to-one name="classes" class="vo.Classes" column="classId"></many-to-one>
        		<set name="paper"  table="PaperAndStudents">
        			<key column="stuId"></key>
        			<many-to-many class="vo.Paper" column="pid" ></many-to-many>
        		</set>
        	</class>
        
        </hibernate-mapping>