<?xml version="1.0"?>
<!DOCTYPE hibernate-mapping PUBLIC
        "-//Hibernate/Hibernate Mapping DTD 3.0//EN"
        "http://hibernate.sourceforge.net/hibernate-mapping-3.0.dtd">
        <hibernate-mapping>
        	<class name="vo.Teacher" table="teacher">
        		<id name="teaId" column="teaId">
        			<generator class="native"></generator>
        		</id>
        		<property name="teaNo" column="teaNo"></property>
        		<property name="teaName" column="teaName"></property>
        		<property name="teaPwd" column="teaPwd"></property>
        		<property name="teaSex" column="teaSex"></property>
        		<property name="teaJob" column="teaJob"></property>
        		<property name="teaDucation" column="teaDucation"></property>
        		<property name="teaTel" column="teaTel"></property>
        	</class>
        
        </hibernate-mapping>