<?xml version="1.0" encoding="UTF-8"?>
<!DOCTYPE hibernate-mapping PUBLIC
        "-//Hibernate/Hibernate Mapping DTD 3.0//EN"
        "http://hibernate.sourceforge.net/hibernate-mapping-3.0.dtd">
	
	<hibernate-mapping>
		<class name="vo.Classes" table="t_classes">
			<id name="c_id" column="c_id">
				<generator class="native"></generator>
			</id>
			<property name="c_classNo" column="c_classNo"></property>
			<property name="c_className" column="c_className"></property>
			<property name="c_fangxiang" column="c_fangxiang"></property>
			<property name="c_bteacher" column="c_bteacher"></property>
			<property name="c_jteacher" column="c_jteacher"></property>
			<bag name="studentsList"  inverse="true">
				<key column="c_classNo" ></key>
				<one-to-many class="vo.Student"/>
			</bag>
			
			<bag name="paperList" table="t_classes_paper">
				<key column="c_id"></key>
				<many-to-many column="p_id" class="vo.Paper"></many-to-many>
			</bag>
			
			
		</class>
	</hibernate-mapping>