<?xml version="1.0" encoding="UTF-8"?>
<!DOCTYPE hibernate-mapping PUBLIC
        "-//Hibernate/Hibernate Mapping DTD 3.0//EN"
        "http://hibernate.sourceforge.net/hibernate-mapping-3.0.dtd">
        <hibernate-mapping>
        	<class name="vo.Paper" table="t_paper">
        		<id name="p_id" column="p_id">
        			<generator class="native"></generator>
        		</id>
        		<property name="p_title" column="p_title"></property>
        		<property name="p_fangxiang" column="p_fangxiang"></property>
        		<property name="p_jieduan" column="p_jieduan"></property>
        		<property name="p_kemu" column="p_kemu"></property>
        		<property name="p_testType" column="p_testType"></property>
        		<property name="beginTime" column="beginTime"></property>
        		<property name="endTime" column="endTime"></property>
        		<bag name="questionList" table="t_paper_question">
        			<key column="p_id"></key>
        			<many-to-many column="q_id" class="vo.Question"></many-to-many>
        		</bag>
        		<bag name="classesList" table="t_classes_paper">
        			<key column="p_id"></key>
        			<many-to-many column="c_id" class="vo.Classes"></many-to-many>
        		</bag>
        	</class>
        
        </hibernate-mapping>