<?xml version="1.0" encoding="UTF-8"?>
<!DOCTYPE hibernate-mapping PUBLIC
        "-//Hibernate/Hibernate Mapping DTD 3.0//EN"
        "http://hibernate.sourceforge.net/hibernate-mapping-3.0.dtd">
        <hibernate-mapping>
        	<class name="vo.Question" table="t_question">
        		<id name="q_id" column="q_id">
					<generator class="native"></generator>
        		</id>
        		<property name="q_type" column="q_type"></property>
        		<property name="q_question" column="q_question"></property>
        		<property name="ansA" column="ansA"></property>
        		<property name="ansB" column="ansB"></property>
        		<property name="ansC" column="ansC"></property>
        		<property name="ansD" column="ansD"></property>
        		<property name="results" column="results"></property>
        		<property name="answer" column="answer"></property>
        		<property name="q_nandu" column="q_nandu"></property>
        		<property name="q_testType" column="q_testType"></property>
        		<bag name="paperList" table="t_paper_question">
        			<key column="q_id"></key>
        			<many-to-many column="p_id" class="vo.Paper"></many-to-many>
        		</bag>
        	</class>	
        </hibernate-mapping>
        
        
        
