<?xml version="1.0" encoding="UTF-8"?>
<!DOCTYPE hibernate-mapping PUBLIC
        "-//Hibernate/Hibernate Mapping DTD 3.0//EN"
        "http://hibernate.sourceforge.net/hibernate-mapping-3.0.dtd">
        
        <hibernate-mapping>
        	<class name="vo.Student" table="t_student">
        		<id name="s_id" column="s_id">
        			<generator class="native"></generator>
        		</id>
        		<property name="s_stuNo" column="s_stuNo"></property>
        		<property name="s_name" column="s_name"></property>
        		<property name="s_pwd" column="s_pwd"></property>
        		<property name="sex" column="sex"></property>
        		<property name="s_tell" column="s_tell"></property>
        		<many-to-one name="s_classesId" column="c_classNo"></many-to-one>
        	</class>
        </hibernate-mapping>
        
