<?xml version="1.0" encoding="UTF-8" ?>
<!DOCTYPE struts PUBLIC "-//Apache Software Foundation//DTD Struts Configuration 2.1//EN" "http://struts.apache.org/dtds/struts-2.1.dtd">
<struts>
	<!-- 
	<package name="No1" extends="struts-default">
			<action name="LoginAction" class="action.LoginAction" >
				<result name="rusetn">index.jsp</result>
				<result name="guanliyan">index.jsp</result>
				<result name="jiaoshi">index.jsp</result>
				<result name="xuesheng">index.jsp</result>
				
			</action>
			
	</package>
	 -->
	<!-- 用户模块的action -->
	<package name="user" namespace="" extends="struts-default">
		<action name="LoginAction" class="action.LoginAction"
			method="login">

			<result name="index">
				index.jsp
			</result>

		</action>
	</package>

	<!-- 讲师模块的action -->
	<package name="teacher" namespace="/teacher" extends="struts-default">
		<action name="teacherList" class="action.TeacherAction"
			method="list">

			<result name="list">
				list.jsp
			</result>

		</action>
	</package>
	
	<!-- 学生模块的action -->
	<package name="strudent" namespace="/strudent" extends="struts-default">
		<action name="strudentList" class="action.StrudentAction"
			method="list">

			<result name="list">
				list.jsp
			</result>

		</action>
	</package>
	<!-- 班级 -->
	<package name="class" namespace="/class" extends="struts-default">
		<action name="classList" class="action.ClassAction"
			method="list">

			<result name="list">
				list.jsp
			</result>

		</action>
	</package>
	<!-- QuestionesAction(题库的业务)开始 -->
		<package name="tiKu" namespace="/tiKu"  extends="struts-default" >
		<!--查看班级  -->
		<action name="selectClass" method="selectClass" class="action.QuestionesAction">
			<result name="selectClass">addTextPage_class.jsp</result>
		</action>
		
		
		<action name="addClassPagers" method="addClassPagers" class="action.QuestionesAction">
			<result name="addClassPagers">next.jsp</result>
		</action>
		<!--删除试卷  -->
		<action name="deleteThePagers" method="deleteThePagers" class="action.QuestionesAction">
			<result name="deleteThePagers">next.jsp</result>
		</action>
		<!--增加试卷  -->
		<action name="addThePage" method="addThePage" class="action.QuestionesAction">
			<result name="addThePage">next.jsp</result>
		</action>
		<!--查询考卷  -->
			<action name="selectThePapers" method="selectThePapers" class="action.QuestionesAction">
			<result name="selectThePapers">thePag.jsp</result>
		</action>
			
			<action name="addQuestion" method="addQuestion" class="action.QuestionesAction">
			<result name="addQuestion">next.jsp</result>
		</action>
		
		<action name="modifyQuser" method="modifyQuser" class="action.QuestionesAction">
			<result name="modifyQuser" type="redirectAction">selectTestQuest!selectTestQuest?</result>
			<param name="diJiQi">${testQusertion.diJiQi}</param>
		</action>
		
		<action name="modifySeleQuser" method="modifySeleQuser" class="action.QuestionesAction">
			<result name="modifySeleQuser">revisingTheTest.jsp</result>
		</action>
		
		<action name="selectQuest" method="selectQuest" class="action.QuestionesAction">
			<result name="selectQuest">tiku.jsp</result>
		</action>
		
		<action name="selectTestQuest" method="selectTestQuest" class="action.QuestionesAction">
			<result name="selectTestQuest">testQuse.jsp</result>
		</action>
		<!-- QuestionesAction(题库的业务)结束-->
		
		</package>
	
		<!-- 个人信息 -->
		<package name="gexin" namespace="/gexin" extends="struts-default">
			<action name="gexinList" class="action.XinxiAction" method="list">
				<result name="list">
				list.jsp
				</result>
			</action>
		
		</package>
		<!-- 在线考试 -->
		<package name="zaixian" namespace="/zaixian" extends="struts-default">
			<action name="zaixianList" class="action.XinxiAction" method="list">
				<result name="list">
				list.jsp
				</result>
			</action>
		
		</package>
		<!-- 笔试考试 -->
		<package name="bishi" namespace="/bishi" extends="struts-default">
			<action name="bishiList" class="action.BishiAction" method="list">
				<result name="list">
				list.jsp
				</result>
			</action>
		
		</package>
		<!-- 题库联系 -->
		<package name="tiku1" namespace="/tiku1" extends="struts-default">
			<action name="tiku1List" class="action.Tiku1Action" method="list">
				<result name="list">
				list.jsp
				</result>
			</action>
		
		</package>
		<!-- 试卷联系 -->
		<package name="question" namespace="/question" extends="struts-default">
			<action name="questionList" class="action.QuestionAction"
			 method="list">
				<result name="list">
					list.jsp
				</result>
			</action>
		
		</package>
</struts>    
