<?xml version="1.0" encoding="UTF-8" ?>
<!DOCTYPE struts PUBLIC "-//Apache Software Foundation//DTD Struts Configuration 2.1//EN" "http://struts.apache.org/dtds/struts-2.1.dtd">
<struts>
   <package name="" extends="struts-default">
      <action name="ActionLogin" class="action.ActionExam" method="Login">
			<result name="loginok1">Studentindex.jsp</result><!--学生  -->
			<result name="loginok2">Teacherindex.jsp</result><!--讲师  -->
			<result name="loginok3">Mainindex.jsp</result><!--管理员  -->
			<result name="login">login.jsp</result>
			<result name="loginnot">login.jsp</result>
		</action>
		<action name="ActionZhuxiao" class="action.ActionExam" method="Zhuxiao">
			<result name="zhuxiao">login.jsp</result>
			
		</action>
		
		<!-- 查询老师 -->
		<action name="ActionSelectTeacher" class="action.ActionTeacher" method="Teacher">
			<result name="teacher">techer/SelectTeacher.jsp</result>
			
		</action>
		<!-- 查询题库 -->
		<action name="SelectQuestion" class="action.ActionQuestion" method="Question">
		    <result name="question">question/SelectQuestion.jsp</result>
		
		</action>
			<!--查询机试笔试 -->
		<action name="QuestionLift" class="action.ActionQuestion" method="Lift">
		    <result name="left">question/QuestionShiTI.jsp</result>
		
		</action>
		<!-- 添加科目 -->
		<action name="AddQuestion" class="action.ActionQuestion" method="Add">
		    <result name="AddQuestion" type="redirectAction">
		       <param name="actionName">QuestionLift!Lift</param>
		       <param name="question.subjectId">${question.subjectId}</param>
		       <param name="question.kind">${question.kind}</param>
		    </result>
		
		</action>
		<!-- 查询添加 -->
		<action name="ActionAddSelect" class="action.ActionQuestion" method="SelectAdd">
		    <result name="SelectAdd" >
		                       question/AddQuestion.jsp
		    </result>
		
		</action>
		<!-- 删除 -->
		<action name="ActionDelete" class="action.ActionQuestion" method="Delete" >
		      <result name="delecte" type="redirectAction">
		           <param name="actionName">QuestionLift!Lift</param>
		           <param name="question.subjectId">${question.subjectId}</param>
		           <param name="question.kind">${question.kind}</param>
		      </result>
		      
       </action>
       
        <!-- 查询修该题库-->
     <action name="ActionupdateSelect" class="action.ActionQuestion" method="updateSelect" >
           <result name="updateSelect">question/updateSelectQuestion.jsp</result>
    </action>
      
     <!-- 修改题库-->
     <action name="UpdateQuestion" class="action.ActionQuestion" method="updataQuestion" >
         <result name="update" type="redirectAction">
                   <param name="actionName">QuestionLift!Lift</param>
		           <param name="question.subjectId">${question.subjectId}</param>
		           <param name="question.kind">${question.kind}</param>
           </result>
    </action> 
    <!-- 试卷 -->
    
        <!-- 查询试卷 -->
		<action name="ActionPaper" class="action.ActionPaper" method="SelectPaper" >
           <result name="paperSelect">paper/PaperSelect.jsp</result>
        </action>
        
        <!-- 随机数 -->
        <action name="RandomSelect" class="action.ActionPaper" method="Subject" >
           <result name="selectSub">paper/RandomPapre.jsp</result>
        </action>
        
        <!--添加试卷 -->
        <action name="RandomAdd" class="action.ActionPaper" method="Random" >
           <result name="random" type="redirectAction">
                   <param name="actionName"> ActionPaper!SelectPaper</param>
        
           </result>
        </action>
		<!-- 开始考试 -->
		<action name="BeginTime" class="action.ActionPaper" method="Subject" >
           <result name="selectSub">paper/BeginTime.jsp</result>
        </action>
        <!-- 开始考试并返回到页面 -->
		<action name="BeginTimeok" class="action.ActionPaper" method="BeginTime" >
           <result name="Begin" type="redirectAction">
                   <param name="actionName"> ActionPaper!SelectPaper</param>
        
           </result>
        </action>
        <!-- 查看详细试卷 -->
		<action name="ChakanPaper" class="action.ActionPaper" method="chakanshujuan" >
           <result name="chakan">
                    paper/ChakanPaper.jsp
                   
           
           </result>
           
        </action>
         <!-- 替换详细试卷 -->
		<action name="TihuanPaper" class="action.ActionPaper" method="tihuan" >
           <result name="tihuan">paper/TihuanPaper.jsp</result>
        </action>
        
         <!-- 替换ok试卷 -->
		<action name="TihuanPaperok" class="action.ActionPaper" method="tiQuestion" >
           <result name="tihuanok" type="redirectAction">
                  <param name="actionName">ChakanPaper!chakanshujuan</param>
		           <param name="paper.pid">${paper.pid}</param>
		         
           </result>
        </action>
		
		
		
		
		
		
		
		
		
		
		
		
		
		
		
		
		
   </package>
   
    <!-- 试卷的action 
	<package name="Paper" namespace="/Paper" extends="struts-default">
		<action name="ActionPaper" class="action.ActionPaper"
			method="SelectPaper">

			<result name="paperSelect">
				Paper/PaperSelect.jsp
			</result>

		</action>

	</package>-->
   
   
   
   
   
   
   
   
  
   <!-- 题库模块的action -->
	<package name="question" namespace="/question" extends="struts-default">
		<action name="QuestionList" class="action.ActionQuestion"
			method="Lift">

			<result name="left">
				question/QuestionShiTI.jsp
			</result>

		</action>

	</package>
  <!-- 讲师模块的action -->
	<package name="techer" namespace="/techer" extends="struts-default">
		<action name="TeacherList" class="action.ActionExam"
			method="Teacher">

			<result name="teacher">
				techer/SelectTeacher.jsp
			</result>

		</action>

	</package>

  

</struts>    
