<?xml version="1.0" encoding="UTF-8" ?>
<!DOCTYPE struts PUBLIC "-//Apache Software Foundation//DTD Struts Configuration 2.1//EN" "http://struts.apache.org/dtds/struts-2.1.dtd">
<struts>
	<package name="" extends="struts-default">
		<action name="selectM" method="selectM" class="action.LoginAction">
		<result name="selectM">index.jsp</result>
		<result name="select">login.jsp</result>
		</action>
		<!-- TeatchAction开始 -->
		<action name="selectTeach" method="selectTeach" class="action.TeatchAction">
			<result name="selectTeach">teatchSele.jsp</result>
		</action>
		<!-- TeatchAction结束-->
	</package>
	
		<!-- QuestionesAction(题库的业务)开始 -->
		<package name="tiKu" namespace="/tiKu"  extends="struts-default" >
		<!--查看班级  -->
		<action name="selectClasses" method="selectClasses" class="action.QuestionesAction">
			<result name="selectClasses">addTextPage_class.jsp</result>
		</action>
		
		
		<action name="addClassPagers" method="addClassPagers" class="action.QuestionesAction">
			<result name="addClassPagers" type="redirectAction">next.jsp</result>
		</action>
		<!--删除试卷  -->
		<action name="deleteThePagers" method="deleteThePagers" class="action.QuestionesAction">
			<result name="deleteThePagers"  type="redirectAction">selectThePapers!selectThePapers</result>
		</action>
		<!--增加试卷  -->
		<action name="addThePage" method="addThePage" class="action.QuestionesAction">
			<result name="addThePage" type="redirectAction">selectThePapers!selectThePapers</result>
		</action>
		<!--查询考卷  -->
			<action name="selectThePapers" method="selectThePapers" class="action.QuestionesAction">
			<result name="selectThePapers">thePag.jsp</result>
		</action>
			<!--添加试题  -->
			<action name="addQuestion" method="addQuestion" class="action.QuestionesAction">
			<result name="addQuestion" type="redirectAction">selectTestQuest!selectTestQuest?keMu=${testQusertion.keMu}&amp;diJiQi=${testQusertion.diJiQi}</result>
		</action>
		
		<action name="modifyQuser" method="modifyQuser" class="action.QuestionesAction">
			<result name="modifyQuser" type="redirectAction">selectTestQuest!selectTestQuest?keMu=${testQusertion.keMu}&amp;diJiQi=${testQusertion.diJiQi}</result>
			
		</action>
		
		<action name="modifySeleQuser" method="modifySeleQuser" class="action.QuestionesAction">
			<result name="modifySeleQuser">revisingTheTest.jsp</result>
		</action>
		
		<action name="selectQuest" method="selectQuest" class="action.QuestionesAction">
			<result name="selectQuest">tiku.jsp</result>
		</action>
		
		<action name="selectTestQuest" method="selectTestQuest" class="action.QuestionesAction">
			<result name="selectTestQuest">testQuse.jsp</result>
		</action>
		<!-- QuestionesAction(题库的业务)结束-->
		</package>
		
	<!-- StudentAction开始 -->
		<package name="studentes" namespace="/studentes"  extends="struts-default" >
		<action name="seleRem" method="seleRem" class="action.StudentAction">
			<result name="seleRem">studentes.jsp</result>
		</action>
		<!-- StudentAction结束-->
		</package>
</struts>    
