<?xml version="1.0" encoding="UTF-8" ?>
<!DOCTYPE struts PUBLIC "-//Apache Software Foundation//DTD Struts Configuration 2.1//EN" "http://struts.apache.org/dtds/struts-2.1.dtd">
<struts>
	<package name="xxx" extends="struts-default">
		<action name="login" class="action.Process" method="login">
			<result name="yes">/index.jsp</result>
			
			<result name="no" >/error.jsp</result>
		</action>


		<action name="daolist" class="action.Process" method="list">
			<result name="yesteacher">/teacher/list.jsp</result>
			<result name="yesquestion">/questions/list.jsp</result>
			<result name="yesupdatequestion">/questions/updateQuestion.jsp</result>
			<result name="yesaddquestion">/questions/addQuestion.jsp</result>
			<result name="yespaper">/paper/list.jsp</result>
			<result name="yesaddpaper">/paper/addpaper.jsp</result>
			<result name="yesclass">/class/list.jsp</result>
			<result name="yesclassadd">/class/addclass.jsp</result>
			<result name="yesbegintest">/paper/begintest.jsp</result>
			<result name="yesstudent">/students/list.jsp</result>
			<result name="no" >/error.jsp</result>
		</action>

		<action name="talist" class="action.Process" method="dglist">
			<result name="yesteacher">/teacher/updateTeacher.jsp</result>
			<result name="yesquestion">/questions/updateQuestion.jsp</result>
			<result name="yesclass">/class/updateclass.jsp</result>
			<result name="yesstudent">/students/updatestudent.jsp</result>
			<result name="no" type="redirectAction">/login!login.action</result>
		</action>

		<action name="add" class="action.Subprocess" method="add">
			<result name="yesyesteacher" type="redirectAction">
				<param name="actionName">daolist!list.action</param>
				<param name="type">${type}</param>
			</result>
			<result name="yesquestion" type="redirectAction">
				<param name="actionName">daolist!list.action</param>
				<param name="type">${type}</param>
			</result>
			<result name="yespaper" type="redirectAction">
				<param name="actionName">daolist!list.action</param>
				<param name="type">${type}</param>
			</result>
			<result name="yesclass" type="redirectAction">
				<param name="actionName">daolist!list.action</param>
				<param name="type">${type}</param>
			</result>
			<result name="no" type="redirectAction">/login.jsp</result>
		</action>

		<action name="update" class="action.Subprocess" method="update">
			<result name="yesyesteacher" type="redirectAction">
				<param name="actionName">daolist!list.action</param>
				<param name="type">${type}</param>
			</result>
			<result name="yesquestion" type="redirectAction">
				<param name="actionName">daolist!list.action</param>
				<param name="type">${type}</param>
			</result>
			<result name="yesclass" type="redirectAction">
				<param name="actionName">daolist!list.action</param>
				<param name="type">${type}</param>
			</result>
			
			<result name="yespaper" type="redirectAction">
				<param name="actionName">daolist!list.action</param>
				<param name="type">${type}</param>
			</result>
			<result name="no" type="redirectAction">/login!login.action</result>
		</action>

		<action name="delete" class="action.Subprocess" method="delete">
			<result name="yesyesteacher" type="redirectAction">
				<param name="actionName">daolist!list.action</param>
				<param name="type">${type}</param>
			</result>
			<result name="yesquestion" type="redirectAction">
				<param name="actionName">daolist!list.action</param>
				<param name="type">${type}</param>
			</result>
			<result name="no" type="redirectAction">/login!login.action</result>
		</action>



		<!-- 测试 -->
		<action name="testz" class="action.Process" method="testz">
			<result name="yestestz">/testaccount.jsp.jsp</result>
			<result name="no" type="redirectAction">/login!login.action</result>
		</action>



		<!--question-->

		<action name="qdlist" class="action.Process" method="tiaojianlist">
			<result name="yes">/questions/listdetails.jsp</result>
			<result name="no" type="redirectAction">/login!login.action</result>
		</action>

	<action name="tjlist" class="action.Process" method="tjlist">
			<result name="yesquestion">/questions/listdetails.jsp</result>
			<result name="yestestquestion">/students/testpaper.jsp</result>
			<result name="yespaper">/students/paperlist.jsp</result>
			<result name="yestestquestion">/students/testpaper.jsp</result>
			<result name="yestestaccount">/testaccount.jsp.jsp</result>
			<result name="no" type="redirectAction">/login!login.action</result>
		</action>



	</package>

	<!-- 讲师模块的action -->
	<package name="teacher" namespace="/teacher" extends="struts-default">

	</package>
</struts>    
