<?xml version="1.0" encoding="UTF-8" ?>
<!DOCTYPE struts PUBLIC "-//Apache Software Foundation//DTD Struts Configuration 2.1//EN" "http://struts.apache.org/dtds/struts-2.1.dtd">
<struts>
	<package name="" extends="struts-default">
      <action name="loginAction" class="action.UserAction" method="login">
			<result name="error">login.jsp</result>
			<result name="adm">admin.jsp</result>
			<result name="teacher">teacher.jsp</result>
			<result name="stu">student.jsp</result>
		</action>
		
		<action name="zhuxiaoAction" class="action.UserAction" method="zhuxiao">
			<result name="input">login.jsp</result>
		</action>
		
		<action name="teacherlistAction" class="action.UserAction" method="teacherlist">
			<result name="teacherlist">teacherlist.jsp</result>
		</action>
		
		<action name="questionAction" class="action.UserAction" method="question">
			<result name="question">questionlist.jsp</result>
		</action>
		
		<action name="questionlistAction" class="action.UserAction" method="questionlist">
			<result name="list">shiti.jsp</result>
		</action>
		
		<action name="addAction" class="action.UserAction" method="add">
			<result name="addok">shiti.jsp</result>
		</action>
		
		<action name="deleteAction" class="action.UserAction" method="delete">
			<result name="deleteok">shiti.jsp</result>
		</action>
		
		<action name="updatelistAction" class="action.UserAction" method="updatelist">
			<result name="updatelistok">update.jsp</result>
		</action>
		
		<action name="updateAction" class="action.UserAction" method="update">
			<result name="update">shiti.jsp</result>
		</action>
		
		
		<action name="paperlistAction" class="action.UserAction" method="paperlist">
			<result name="paperlist">paperlist.jsp</result>
		</action>
		
		
		<action name="randomAction" class="action.UserAction" method="random">
			<result name="random">random.jsp</result>
		</action>
		
		<action name="testAction" class="action.UserAction" method="test">
			<result name="testok">test.jsp</result>
		</action>
		
		<action name="randomOKAction" class="action.UserAction" method="randomOK">
			<result name="randomOK">paperlist.jsp</result>
		</action>
   </package>
</struts>    
