<?xml version="1.0" encoding="UTF-8"?>
<!DOCTYPE hibernate-mapping PUBLIC
        "-//Hibernate/Hibernate Mapping DTD 3.0//EN"
        "http://hibernate.sourceforge.net/hibernate-mapping-3.0.dtd">
<hibernate-mapping>
	<class name="bean.Scores" table="score">
		<id name="id" column="id">
			<generator class="native"></generator>
		</id>
		
		<property name="beginTime" column="beginTime"></property>
		<property name="score" column="score"></property>
		<many-to-one name="students" class="bean.Students" column="studentId"></many-to-one>
		<many-to-one name="parper" class="bean.Parper" column="parperId"></many-to-one>
		<many-to-one name="classes" class="bean.Classes" column="classesId"></many-to-one>
	</class>
</hibernate-mapping>