<?xml version="1.0" encoding="UTF-8"?>
 <!DOCTYPE hibernate-mapping PUBLIC
        "-//Hibernate/Hibernate Mapping DTD 3.0//EN"
        "http://hibernate.sourceforge.net/hibernate-mapping-3.0.dtd">
<hibernate-mapping>
	<class name="bean.Scoredetetails" table="scoredetails">
		<id name="id" column="id">
			<generator class="native"></generator>
		</id>
		
		<property name="answerTrue" column="answerTrue"></property>
		<property name="answerSelf" column="answerSelf"></property>
		<many-to-one name="scores" class="bean.Scores" column="scoreId"></many-to-one>
		<many-to-one name="question" class="bean.Question" column="questionId"></many-to-one>
	</class>
</hibernate-mapping>
