<?xml version="1.0" encoding="UTF-8"?>
<!DOCTYPE hibernate-mapping PUBLIC
        "-//Hibernate/Hibernate Mapping DTD 3.0//EN"
        "http://hibernate.sourceforge.net/hibernate-mapping-3.0.dtd">
<hibernate-mapping package="bean">
	<class name="Students" table="student">
		<id name="id" column="id">
			<generator class="native"></generator>
		</id>
		<property name="stuNo" column="stuNo"></property>
		<property name="stuPwd" column="stuPwd"></property>
		<property name="stuName" column="stuName"></property>
		<property name="stuSex" column="stuSex"></property>
		<property name="stuTelphone" column="stuTelphone"></property>
		<property name="parentPhone" column="parentPhone"></property>
		<property name="stuSchoolyear" column="stuSchoolyear"></property>
		<property name="stuId" column="stuId"></property>
		<property name="stubrithday" column="stubrithday"></property>
		<property name="stuProvide" column="stuProvide"></property>
		<property name="stuMajor" column="stuMajor"></property>
		<property name="stuParent" column="stuParent"></property>
		<property name="stuDrom" column="stuDrom"></property>
		<property name="stuDromNo" column="stuDromNo"></property>
		<property name="basicSituation" column="basicSituation"></property>
		<property name="educational" column="educational"></property>
		<property name="guardian" column="guardian"></property>
		<property name="address" column="address"></property>
		<property name="city" column="city"></property>
		<property name="studyDirection" column="studyDirection"></property>
		<property name="image" column="image"></property>
		<property name="political" column="political"></property>
		<many-to-one name="classes" class="bean.Classes" column="classesId"></many-to-one>
		
		<set name="paper" table="paper_student">
			<key column="sid">
			</key>
			<many-to-many class="bean.Parper" column="pid"></many-to-many>
		</set>
	</class>
</hibernate-mapping>

