<?xml version="1.0" encoding="UTF-8" ?>
<!DOCTYPE struts PUBLIC "-//Apache Software Foundation//DTD Struts Configuration 2.1//EN" "http://struts.apache.org/dtds/struts-2.1.dtd">
<struts>
	<package name="" extends="struts-default">
		<action name="Login" class="action.LoginAction">
			<result name="index">index.jsp</result>
			<result name="login">login.jsp</result>
		</action>
		
		<action name="sClasses" class="action.SelectAction" method="SelectClasses">
			<result name="success">Teacher.jsp</result>
		</action>
		<action name="Update" class="action.UpdateAction" method="update">
			<result name="teacher" type="redirect">/teacher/sTeacher.action</result>
		</action>
	</package>
		<!-- <action name="AddBok" class="action.UserAction" method="gtType">
			<result name="success">AddBok.jsp</result>
		</action>
		<action name="InsertBok" class="action.InsertAction" method="InsertBok">
			<result name="success" type="redirect">/Login.action</result>
		</action>
		<action name="UpdateCom" class="action.UpdateCom">
			<result name="success">Update.jsp</result>
		</action>
		<action name="Update" class="action.UpdateCom" method="update">
			<result name="success" type="redirect">/Login.action</result>
		</action>
		<action name="DeleteBok" class="action.UpdateCom" method="delete">
			<result name="success" type="redirect">/Login.action</result>
		</action> -->

	<package namespace="/teacher" name="teacher" extends="struts-default">
		<action name="sTeacher" class="action.SelectAction" method="SelectTeacher">
			<result name="success">Teacher.jsp</result>
		</action>
		<action name="dTeacher" class="action.DeleteAction" method="DeleteTeacher">
			<result name="success"  type="redirect">/teacher/sTeacher.action</result>
		</action>
		<action name="uTeacher" class="action.Turn2Udate" method="UpdateTeacher">
			<result name="success">TeacherUpdate.jsp</result>
		</action>
		
	</package>
	<package namespace="/classes" name="classes" extends="struts-default">
		<action name="sClasses" class="action.SelectAction" method="SelectClasses">
			<result name="success">Classes.jsp</result>
		</action>
	</package>
	<package namespace="/student" name="student" extends="struts-default">
		<action name="sStudent" class="action.SelectAction" method="SelectStudent">
			<result name="success">Student.jsp</result>
		</action>
	</package>
	<package namespace="/page" name="page" extends="struts-default">
		<action name="selectSub" class="action.SelectAction" method="SelectSub">
			<result name="success">subIndex.jsp</result>
		</action>
		<action name="sQuestion" class="action.SelectAction" method="SelectQusestion">
			<result name="success">question.jsp</result>
		</action>
		<action name="InsertQuestion" class="action.CRUDQuestion" method="create">
			<result name="success" type="redirect">/page/selectSub.action</result>
		</action>
		<action name="UpdateQuestion" class="action.CRUDQuestion" method="update">
			<result name="success" type="redirect">/page/selectSub.action</result>
		</action>
		<action name="uQuestion" class="action.Turn2Udate" method="UpdateQuestion">
			<result name="success">QuestionInsert.jsp </result>
			<result name="update">QuestionUpdate.jsp </result>
		</action>
		<action name="dQuestion" class="action.DeleteAction" method="DeleteQuestion">
			<result name="success" type="redirect">/page/selectSub.action</result>
		</action>
	</package>
	<package namespace="/paper" name="paper" extends="struts-default">
		<action name="selectPaper" class="action.SelectAction" method="SelectPaper">
			<result name="success">paper.jsp</result>
		</action>
		<action name="sPaperQuestion" class="action.CRUDPaper" method="read">
			<result name="success">paperQuestion.jsp</result>
		</action>
		<action name="uPaperQuestion" class="action.CRUDPaper" method="read">
			<result name="success">paperQuestionUpdate.jsp</result>
		</action>
		<action name="uPaper" class="action.Turn2Udate" method="UpdatePaper">
			<result name="success">paperInsert.jsp</result>
		</action>
		<action name="InsertPaper" class="action.CRUDPaper" method="create">
			<result name="success" type="redirect">/paper/selectPaper.action</result>
		</action>
		<action name="UpdatePaper" class="action.CRUDPaper" method="update">
			<result name="success" type="redirect">/paper/selectPaper.action</result>
		</action>
		<action name="uTest" class="action.Turn2Udate" method="UpdateTest">
			<result name="success">StartTest.jsp</result>
		</action>
		<action name="InsertTest" class="action.StartTest">
			<result name="success" type="redirect">/paper/selectPaper.action</result>
		</action>
	</package>
</struts> 
