<?xml version="1.0" encoding="UTF-8"?>
<!DOCTYPE hibernate-mapping PUBLIC
        "-//Hibernate/Hibernate Mapping DTD 3.0//EN"
        "http://hibernate.sourceforge.net/hibernate-mapping-3.0.dtd">
        
        <hibernate-mapping>
        	<class name="domain.Admin" table="admin">
        		<id name="id" column="id">
        			<generator class="native"></generator>
        		</id>
        		<property name="aname" column="aname" ></property>
        		<property name="apwd" column="apwd" ></property>
        	</class>
        </hibernate-mapping>
