<?xml version="1.0" encoding="UTF-8"?>
<!DOCTYPE hibernate-mapping PUBLIC
        "-//Hibernate/Hibernate Mapping DTD 3.0//EN"
        "http://hibernate.sourceforge.net/hibernate-mapping-3.0.dtd">
        <hibernate-mapping package="domain">
        	<class name="Scoredetails" table="scoredetails">
        	
        		<id name="id" column="id">
        			<generator class="native"></generator>
        		</id>
        		<property name="answer" column="answer"></property>
        		<property name="result" column="result" ></property>
        		<many-to-one name="score" class="Score" column="scoreId"></many-to-one>
        		<many-to-one name="question" class="Question" column="questionId"></many-to-one>
        	</class>
        
        </hibernate-mapping>
