<?xml version="1.0" encoding="UTF-8"?>
<!DOCTYPE hibernate-mapping PUBLIC
        "-//Hibernate/Hibernate Mapping DTD 3.0//EN"
        "http://hibernate.sourceforge.net/hibernate-mapping-3.0.dtd">
        
        <hibernate-mapping>
        	<class name="domain.Subject" table="subject">
        		<id name="id" column="id">
        			<generator class="native"></generator>
        		</id>
        		<property name="direction" column="direction" ></property>
        		<property name="stage" column="stage" ></property>
        		<property name="subjectId" column="subjectId" ></property>
        		
        		<set name="paperSet" table="sub_paper" inverse="true" cascade="save-update,delete" fetch="join">
        			<key column="subject_id" ></key>
        			<many-to-many class="domain.Paper" column="paper_id"/>
        		</set>
        		
        		<set name="scoreSet" table="score" >
        			<key column="stuId"></key>
        			<one-to-many class="domain.Score" />
        		</set>
        	</class>
        </hibernate-mapping>
