<?xml version="1.0" encoding="UTF-8"?>
<!DOCTYPE hibernate-mapping PUBLIC
        "-//Hibernate/Hibernate Mapping DTD 3.0//EN"
        "http://hibernate.sourceforge.net/hibernate-mapping-3.0.dtd">
        <hibernate-mapping>
        	<class name="vo.Direction" table="direction">
        		<id name="dir_id" column="dir_id">
        			<generator class="native"></generator>
        		</id>
        		<property name="dir_name" column="dir_name" not-null="true"></property>
        	</class>
        </hibernate-mapping>
