<?xml version="1.0" encoding="UTF-8"?>
<!DOCTYPE hibernate-mapping PUBLIC
        "-//Hibernate/Hibernate Mapping DTD 3.0//EN"
        "http://hibernate.sourceforge.net/hibernate-mapping-3.0.dtd">
        <hibernate-mapping>
        	<class name="vo.Stage" table="stage">
        		<id name="sta_id" column="sta_id">
        			<generator class="native"></generator>
        		</id>
        		<property name="sta_name" column="sta_name" not-null="true"></property>
        	</class>
        </hibernate-mapping>
