<?xml version="1.0" encoding="UTF-8"?>
<!DOCTYPE hibernate-mapping PUBLIC
        "-//Hibernate/Hibernate Mapping DTD 3.0//EN"
        "http://hibernate.sourceforge.net/hibernate-mapping-3.0.dtd">
        <hibernate-mapping>
        	<class name="vo.Student" table="student">
        		<id name="sid" column="sid">
        			<generator class="native"></generator>
        		</id>
        		<property name="sNum" column="sNum" not-null="true"></property>
        		<property name="sPwd" column="sPwd" not-null="true"></property>
        		<property name="sName" column="sName" not-null="true"></property>
        		<property name="sSex" column="sSex" not-null="true"></property>
        		<property name="sBirth" column="sBirth"></property>
        		<property name="grade_id" column="grade_id"></property>
        		<property name="sNote" column="sNote"></property>
        	</class>
        </hibernate-mapping>
