<?xml version="1.0" encoding="UTF-8"?>
<!DOCTYPE hibernate-mapping PUBLIC
        "-//Hibernate/Hibernate Mapping DTD 3.0//EN"
        "http://hibernate.sourceforge.net/hibernate-mapping-3.0.dtd">
        <hibernate-mapping>
        	<class name="vo.Teacher" table="teacher">
        		<id name="tid" column="tid">
        			<generator class="native"></generator>
        		</id>
        		<property name="tNum" column="tNum" not-null="true"></property>
        		<property name="tPwd" column="tPwd" not-null="true"></property>
        		<property name="tName" column="tName" not-null="true"></property>
        		<property name="tSex" column="tSex" not-null="true"></property>
        		<property name="tBirth" column="tBirth"></property>
        		<property name="tEducation" column="tEducation"></property>
        		<property name="tTel" column="tTel"></property>
        		<property name="tJob" column="tJob" not-null="true"></property>
        		<property name="tNote" column="tNote"></property>
        	</class>
        </hibernate-mapping>

