<?xml version="1.0" encoding="UTF-8"?>
<!DOCTYPE hibernate-mapping PUBLIC
        "-//Hibernate/Hibernate Mapping DTD 3.0//EN"
        "http://hibernate.sourceforge.net/hibernate-mapping-3.0.dtd">
        <hibernate-mapping package="vo">
        	<class name="Score" table="score">
        		<id name="id" column="id">
        			<generator class="native"></generator>
        		</id>
        		<property name="beginTime" column="beginTime"></property>
        		<property name="endTime" column="endTime" ></property>
        		<property name="score" column="score" ></property>
        		
        		
        		<many-to-one name="classes" class="Classes" column="classId"></many-to-one>
        		<many-to-one name="student" class="Student" column="stuId"></many-to-one>
        		<many-to-one name="paper" class="Paper" column="paperId"></many-to-one>
        		<many-to-one name="subject" class="Subject" column="subjectId"></many-to-one>
        		<set name="scoredetalilSet" table="scoredetails" inverse="true" cascade="save-update,delete">
        			<key column="scoreId"></key>
        			<one-to-many class="Scoredetails" />
        		</set>

        	</class>
        
        </hibernate-mapping>
