<?xml version="1.0" encoding="utf-8"?>
<!DOCTYPE hibernate-mapping PUBLIC "-//Hibernate/Hibernate Mapping DTD 3.0//EN"
"http://hibernate.sourceforge.net/hibernate-mapping-3.0.dtd">
<!-- 
    Mapping file autogenerated by MyEclipse Persistence Tools
-->
<hibernate-mapping>
    <class name="vo.Paper" table="paper" schema="dbo" catalog="exam">
        <id name="pid" type="java.lang.Integer">
            <column name="pid" />
            <generator class="native"></generator>
        </id>
        <property name="subjectName" type="java.lang.String">
            <column name="subjectName" length="20" />
        </property>
        <property name="kind" type="java.lang.String">
            <column name="kind" length="20" />
        </property>
        <property name="title" type="java.lang.String">
            <column name="title" length="100" />
        </property>
        <property name="className" type="java.lang.String">
            <column name="className" length="20" />
        </property>
        <property name="testTime" type="java.sql.Timestamp">
            <column name="testTime" length="23" />
        </property>
        <property name="testHour" type="java.lang.Integer">
            <column name="testHour" />
        </property>
        <property name="totalScore" type="java.lang.Integer">
            <column name="totalScore"  />
        </property>
         <property name="fen" type="java.lang.Integer">
            <column name="fen"  />
        </property>
        <property name="qnumber" type="java.lang.Integer">
            <column name="qnumber" />
        </property>
        <property name="state" type="java.lang.String">
            <column name="state" length="20" />
        </property>
        <set name="question" table="paper_question" >
            <key>
                <column name="pid" />
            </key>
            <many-to-many class="vo.Question" column="qid"/>
        </set>
         <set name="student" table="paper_student" >
            <key>
                <column name="pid" />
            </key>
            <many-to-many class="vo.Student" column="id"/>
        </set>
      
    </class>
</hibernate-mapping>
