<?xml version="1.0" encoding="utf-8"?>
<!DOCTYPE hibernate-mapping PUBLIC "-//Hibernate/Hibernate Mapping DTD 3.0//EN"
"http://www.hibernate.org/dtd/hibernate-mapping-3.0.dtd">
<!-- 
    Mapping file autogenerated by MyEclipse Persistence Tools
-->
<hibernate-mapping>
    <class name="vo.Scoredetails" table="scoredetails" schema="dbo" catalog="exam">
        <id name="id" type="java.lang.Integer">
            <column name="id" />
            <generator class="native"></generator>
        </id>
  
    
        <property name="answer" type="java.lang.String">
            <column name="answer" />
        </property>
        <property name="result" type="java.lang.String">
            <column name="result" length="1" />
        </property>
        
          <set name="score" table="scoredetails_score" >
            <key>
                <column name="scoreId" />
            </key>
            <many-to-many class="vo.Score" column="id"/>
        </set>
        
          <many-to-one name="question" class="vo.Question" fetch="select">
            <column name="questionId" />
        </many-to-one>
        
    </class>
</hibernate-mapping>
