<?xml version="1.0" encoding="utf-8"?>
<!DOCTYPE hibernate-mapping PUBLIC "-//Hibernate/Hibernate Mapping DTD 3.0//EN"
"http://www.hibernate.org/dtd/hibernate-mapping-3.0.dtd">
<!-- 
    Mapping file autogenerated by MyEclipse Persistence Tools
-->
<hibernate-mapping>
    <class name="vo.Score" table="score" schema="dbo" catalog="exam">
        <id name="id" type="java.lang.Integer">
            <column name="id" />
            <generator class="native"></generator>
        </id>
        <property name="classId" type="java.lang.Integer">
            <column name="classId" />
        </property>

        <property name="subjectName" >
            <column name="subjectName" />
        </property>
        <property name="paperId" type="java.lang.Integer">
            <column name="paperId" />
        </property>
        <property name="beginTime" type="java.sql.Timestamp">
            <column name="beginTime" length="23" />
        </property>
        <property name="endTime" type="java.sql.Timestamp">
            <column name="endTime" length="23" />
        </property>
        <property name="score" type="java.lang.Double">
            <column name="score" precision="18" />
        </property>
             <many-to-one name="student" class="vo.Student" fetch="select">
            <column name="stuId" />
            </many-to-one>
            
     
          <set name="scoredetails" table="scoredetails_student" cascade="all" >
            <key>
                <column name="id" />
            </key>
            <many-to-many class="vo.Scoredetails" column="scoreId"/>
        </set>
    </class>
</hibernate-mapping>
