<?xml version="1.0" encoding="utf-8"?>
<!DOCTYPE hibernate-mapping PUBLIC "-//Hibernate/Hibernate Mapping DTD 3.0//EN"
"http://www.hibernate.org/dtd/hibernate-mapping-3.0.dtd">
<!-- 
    Mapping file autogenerated by MyEclipse Persistence Tools
-->
<hibernate-mapping>
    <class name="vo.Student" table="student" schema="dbo" catalog="exam">
        <id name="id" type="java.lang.Integer">
            <column name="id" />
            <generator class="native"></generator>
        </id>
        <property name="stuNo" type="java.lang.String">
            <column name="stuNo" />
        </property>
        <property name="stuPwd" type="java.lang.String">
            <column name="stuPwd" />
        </property>

        <property name="stuName" type="java.lang.String">
            <column name="stuName" />
        </property>
        <property name="stuSex" type="java.lang.String">
            <column name="stuSex" />
        </property>
        <property name="stuTelphone" type="java.lang.String">
            <column name="stuTelphone" />
        </property>
        <property name="parentPhone" type="java.lang.String">
            <column name="parentPhone" />
        </property>
        <property name="stuSchoolyear" type="java.lang.String">
            <column name="stuSchoolyear" />
        </property>
        <property name="stuId" type="java.lang.String">
            <column name="stuId" />
        </property>
        <property name="stubrithday" type="java.lang.String">
            <column name="stubrithday" />
        </property>
        <property name="stuProvide" type="java.lang.String">
            <column name="stuProvide" />
        </property>
        <property name="stuMajor" type="java.lang.String">
            <column name="stuMajor" />
        </property>
        <property name="stuParent" type="java.lang.String">
            <column name="stuParent" />
        </property>
        <property name="stuDrom" type="java.lang.String">
            <column name="stuDrom" />
        </property>
        <property name="stuDromNo" type="java.lang.String">
            <column name="stuDromNo" />
        </property>
        <property name="basicSituation" type="java.lang.String">
            <column name="basicSituation" />
        </property>
        <property name="educational" type="java.lang.String">
            <column name="educational" />
        </property>
        <property name="guardian" type="java.lang.String">
            <column name="guardian" />
        </property>
        <property name="address" type="java.lang.String">
            <column name="address" />
        </property>
        <property name="city" type="java.lang.String">
            <column name="city" />
        </property>
        <property name="studyDirection" type="java.lang.String">
            <column name="studyDirection" />
        </property>
        <property name="image" type="java.lang.String">
            <column name="image" />
        </property>
        <property name="political" type="java.lang.String">
            <column name="political" />
        </property>
        
              <set name="score" cascade="all">
        <key column="stuId" ></key>
        <one-to-many class="vo.Score"/>
        </set>
        
     <many-to-one name="class1" class="vo.Class" fetch="select">
            <column name="classId" />
        </many-to-one>
         <set name="paper" table="paper_student" >
            <key>
                <column name="id" />
            </key>
            <many-to-many class="vo.Paper" column="pid"/>
        </set>
    </class>
</hibernate-mapping>
